"OperationID","LogTime"
"210328_U001",2021-03-28 08:33:00
"210328_U002",2021-03-28 08:42:00
"210329_U001",2021-03-29 08:55:00
"210329_U002",2021-03-29 09:01:00
"210329_U003",2021-03-29 09:11:00
"210329_U004",2021-03-29 09:11:00
"210329_U005",2021-03-29 09:37:00
"210329_U006",2021-03-29 09:45:00
"210329_U007",2021-03-29 09:52:00
"210329_U008",2021-03-29 09:55:00
"210329_U009",2021-03-29 09:59:00
"210329_U010",2021-03-29 10:03:00
"210329_U011",2021-03-29 10:04:00
"210329_U012",2021-03-29 10:06:00
"210329_U013",2021-03-29 10:09:00
"210329_U014",2021-03-29 10:12:00
"210329_U015",2021-03-29 10:13:00
"210329_U016",2021-03-29 10:17:00
"210329_U017",2021-03-29 10:21:00
"210329_U018",2021-03-29 10:23:00
"210329_U019",2021-03-29 10:25:00
"210329_U020",2021-03-29 10:27:00
"210329_U021",2021-03-29 10:32:00
"210329_U022",2021-03-29 10:33:00
"210329_U023",2021-03-29 10:33:00
"210329_U024",2021-03-29 10:34:00
"210329_U025",2021-03-29 10:35:00
"210329_U026",2021-03-29 10:36:00
"210329_U027",2021-03-29 10:46:00
"210329_U028",2021-03-29 10:58:00
"210329_U029",2021-03-29 11:01:00
"210329_U030",2021-03-29 11:02:00
"210329_U031",2021-03-29 11:03:00
"210329_U032",2021-03-29 11:31:00
"210329_U033",2021-03-29 11:31:00
"210329_U034",2021-03-29 11:38:00
"210329_U035",2021-03-29 11:41:00
"210329_U036",2021-03-29 11:45:00
"210329_U037",2021-03-29 11:49:00
"210329_U038",2021-03-29 11:52:00
"210329_U039",2021-03-29 11:56:00
"210329_U040",2021-03-29 11:59:00
"210329_U041",2021-03-29 12:03:00
"210329_U042",2021-03-29 12:03:00
"210329_U043",2021-03-29 12:07:00
"210329_U044",2021-03-29 12:10:00
"210329_U045",2021-03-29 12:11:00
"210329_U046",2021-03-29 12:14:00
"210329_U047",2021-03-29 12:18:00
"210329_U048",2021-03-29 12:21:00
"210329_U049",2021-03-29 12:25:00
"210329_U050",2021-03-29 12:25:00
"210329_U051",2021-03-29 12:28:00
"210329_U052",2021-03-29 12:29:00
"210329_U053",2021-03-29 12:31:00
"210329_U054",2021-03-29 12:32:00
"210329_U055",2021-03-29 12:33:00
"210329_U056",2021-03-29 12:34:00
"210329_U057",2021-03-29 12:34:00
"210329_U058",2021-03-29 12:35:00
"210329_U059",2021-03-29 12:36:00
"210329_U060",2021-03-29 12:38:00
"210329_U061",2021-03-29 12:40:00
"210329_U062",2021-03-29 12:40:00
"210329_U063",2021-03-29 12:40:00
"210329_U064",2021-03-29 12:42:00
"210329_U065",2021-03-29 12:55:00
"210329_U066",2021-03-29 12:57:00
"210329_U067",2021-03-29 13:00:00
"210329_U068",2021-03-29 13:04:00
"210329_U069",2021-03-29 13:04:00
"210329_U070",2021-03-29 13:09:00
"210329_U071",2021-03-29 13:19:00
"210329_U072",2021-03-29 13:22:00
"210329_U073",2021-03-29 13:27:00
"210329_U074",2021-03-29 13:27:00
"210329_U075",2021-03-29 13:30:00
"210329_U076",2021-03-29 13:32:00
"210329_U077",2021-03-29 13:32:00
"210329_U078",2021-03-29 13:37:00
"210329_U079",2021-03-29 13:43:00
"210329_U080",2021-03-29 13:50:00
"210329_U081",2021-03-29 13:51:00
"210329_U082",2021-03-29 13:52:00
"210329_U083",2021-03-29 13:54:00
"210329_U084",2021-03-29 13:59:00
"210329_U085",2021-03-29 14:04:00
"210329_U086",2021-03-29 14:09:00
"210329_U087",2021-03-29 14:09:00
"210329_U088",2021-03-29 14:12:00
"210329_U089",2021-03-29 14:12:00
"210329_U090",2021-03-29 14:16:00
"210329_U091",2021-03-29 14:20:00
"210329_U092",2021-03-29 14:20:00
"210329_U093",2021-03-29 14:21:00
"210329_U094",2021-03-29 14:21:00
"210329_U095",2021-03-29 14:33:00
"210329_U096",2021-03-29 14:38:00
"210329_U097",2021-03-29 14:39:00
"210329_U098",2021-03-29 14:41:00
"210329_U099",2021-03-29 14:42:00
"210329_U100",2021-03-29 14:42:00
"210329_U101",2021-03-29 14:47:00
"210329_U102",2021-03-29 15:06:00
"210329_U103",2021-03-29 15:07:00
"210329_U104",2021-03-29 15:12:00
"210329_U105",2021-03-29 15:14:00
"210329_U106",2021-03-29 15:23:00
"210329_U107",2021-03-29 15:29:00
"210329_U108",2021-03-29 15:30:00
"210329_U109",2021-03-29 15:35:00
"210329_U110",2021-03-29 15:49:00
"210329_U111",2021-03-29 16:13:00
"210329_U112",2021-03-29 16:27:00
"210329_U113",2021-03-29 16:46:00
"210329_U114",2021-03-29 16:46:00
"210329_U115",2021-03-29 16:53:00
"210329_U116",2021-03-29 16:57:00
"210329_U117",2021-03-29 17:14:00
"210329_U118",2021-03-29 17:38:00
"210329_U119",2021-03-29 18:02:00
"210329_U120",2021-03-29 18:02:00
"210329_U121",2021-03-29 19:01:00
"210329_U122",2021-03-29 19:01:00
"210329_U123",2021-03-29 19:01:00
"210329_U124",2021-03-29 19:20:00
"210329_U125",2021-03-29 19:25:00
"210329_U126",2021-03-29 19:30:00
"210329_U127",2021-03-29 19:32:00
"210329_U128",2021-03-29 19:59:00
"210329_U129",2021-03-29 20:02:00
"210329_U130",2021-03-29 20:02:00
"210329_U131",2021-03-29 20:02:00
"210329_U132",2021-03-29 20:03:00
"210329_U133",2021-03-29 20:12:00
"210329_U134",2021-03-29 20:55:00
"210329_U135",2021-03-29 20:55:00
"210329_U136",2021-03-29 21:16:00
"210329_U137",2021-03-29 21:17:00
"210329_U138",2021-03-29 21:19:00
"210329_U139",2021-03-29 21:19:00
"210329_U140",2021-03-29 21:19:00
"210329_U141",2021-03-29 21:25:00
"210329_U142",2021-03-29 21:26:00
"210329_U143",2021-03-29 21:27:00
"210329_U144",2021-03-29 21:29:00
"210329_U145",2021-03-29 21:30:00
"210329_U146",2021-03-29 21:31:00
"210329_U147",2021-03-29 21:33:00
"210330_U001",2021-03-30 08:31:00
"210330_U002",2021-03-30 08:36:00
"210330_U003",2021-03-30 08:59:00
"210330_U004",2021-03-30 08:59:00
"210330_U005",2021-03-30 09:01:00
"210330_U006",2021-03-30 09:01:00
"210330_U007",2021-03-30 09:02:00
"210330_U008",2021-03-30 09:22:00
"210330_U009",2021-03-30 09:23:00
"210330_U010",2021-03-30 09:25:00
"210330_U011",2021-03-30 09:27:00
"210330_U012",2021-03-30 09:36:00
"210330_U013",2021-03-30 09:39:00
"210330_U014",2021-03-30 09:44:00
"210330_U015",2021-03-30 09:48:00
"210330_U016",2021-03-30 09:53:00
"210330_U017",2021-03-30 09:56:00
"210330_U018",2021-03-30 10:03:00
"210330_U019",2021-03-30 10:21:00
"210330_U020",2021-03-30 10:24:00
"210330_U021",2021-03-30 10:32:00
"210330_U022",2021-03-30 10:32:00
"210330_U023",2021-03-30 10:35:00
"210330_U024",2021-03-30 10:42:00
"210330_U025",2021-03-30 10:42:00
"210330_U026",2021-03-30 10:45:00
"210330_U027",2021-03-30 10:45:00
"210330_U028",2021-03-30 11:00:00
"210330_U029",2021-03-30 11:02:00
"210330_U030",2021-03-30 11:06:00
"210330_U031",2021-03-30 11:06:00
"210330_U032",2021-03-30 11:08:00
"210330_U033",2021-03-30 11:09:00
"210330_U034",2021-03-30 11:29:00
"210330_U035",2021-03-30 11:31:00
"210330_U036",2021-03-30 11:33:00
"210330_U037",2021-03-30 11:33:00
"210330_U038",2021-03-30 11:35:00
"210330_U039",2021-03-30 11:36:00
"210330_U040",2021-03-30 11:40:00
"210330_U041",2021-03-30 11:45:00
"210330_U042",2021-03-30 11:45:00
"210330_U043",2021-03-30 11:47:00
"210330_U044",2021-03-30 11:47:00
"210330_U045",2021-03-30 11:50:00
"210330_U046",2021-03-30 12:00:00
"210330_U047",2021-03-30 12:00:00
"210330_U048",2021-03-30 12:09:00
"210330_U049",2021-03-30 12:12:00
"210330_U050",2021-03-30 12:14:00
"210330_U051",2021-03-30 12:24:00
"210330_U052",2021-03-30 12:26:00
"210330_U053",2021-03-30 12:27:00
"210330_U054",2021-03-30 12:30:00
"210330_U055",2021-03-30 12:30:00
"210330_U056",2021-03-30 12:34:00
"210330_U057",2021-03-30 12:40:00
"210330_U058",2021-03-30 13:10:00
"210330_U059",2021-03-30 13:12:00
"210330_U060",2021-03-30 13:12:00
"210330_U061",2021-03-30 13:13:00
"210330_U062",2021-03-30 13:14:00
"210330_U063",2021-03-30 13:15:00
"210330_U064",2021-03-30 13:15:00
"210330_U065",2021-03-30 13:17:00
"210330_U066",2021-03-30 13:18:00
"210330_U067",2021-03-30 13:19:00
"210330_U068",2021-03-30 13:20:00
"210330_U069",2021-03-30 13:20:00
"210330_U070",2021-03-30 13:20:00
"210330_U071",2021-03-30 13:24:00
"210330_U072",2021-03-30 13:25:00
"210330_U073",2021-03-30 13:25:00
"210330_U074",2021-03-30 13:26:00
"210330_U075",2021-03-30 13:27:00
"210330_U076",2021-03-30 13:28:00
"210330_U077",2021-03-30 13:30:00
"210330_U078",2021-03-30 13:30:00
"210330_U079",2021-03-30 13:32:00
"210330_U080",2021-03-30 13:32:00
"210330_U081",2021-03-30 13:36:00
"210330_U082",2021-03-30 13:47:00
"210330_U083",2021-03-30 13:51:00
"210330_U084",2021-03-30 13:59:00
"210330_U085",2021-03-30 14:10:00
"210330_U086",2021-03-30 14:12:00
"210330_U087",2021-03-30 14:17:00
"210330_U088",2021-03-30 14:24:00
"210330_U089",2021-03-30 14:37:00
"210330_U090",2021-03-30 14:41:00
"210330_U091",2021-03-30 14:41:00
"210330_U092",2021-03-30 14:43:00
"210330_U093",2021-03-30 14:43:00
"210330_U094",2021-03-30 14:48:00
"210330_U095",2021-03-30 14:50:00
"210330_U096",2021-03-30 14:50:00
"210330_U097",2021-03-30 14:51:00
"210330_U098",2021-03-30 14:56:00
"210330_U099",2021-03-30 15:01:00
"210330_U100",2021-03-30 15:07:00
"210330_U101",2021-03-30 15:08:00
"210330_U102",2021-03-30 15:09:00
"210330_U103",2021-03-30 15:12:00
"210330_U104",2021-03-30 15:15:00
"210330_U105",2021-03-30 15:18:00
"210330_U106",2021-03-30 15:19:00
"210330_U107",2021-03-30 15:21:00
"210330_U108",2021-03-30 15:23:00
"210330_U109",2021-03-30 15:26:00
"210330_U110",2021-03-30 15:29:00
"210330_U111",2021-03-30 15:38:00
"210330_U112",2021-03-30 15:39:00
"210330_U113",2021-03-30 16:07:00
"210330_U114",2021-03-30 16:27:00
"210330_U115",2021-03-30 16:28:00
"210330_U116",2021-03-30 16:31:00
"210330_U117",2021-03-30 16:31:00
"210330_U118",2021-03-30 16:32:00
"210330_U119",2021-03-30 16:34:00
"210330_U120",2021-03-30 16:38:00
"210330_U121",2021-03-30 16:42:00
"210330_U122",2021-03-30 16:42:00
"210330_U123",2021-03-30 16:44:00
"210330_U124",2021-03-30 16:54:00
"210330_U125",2021-03-30 16:58:00
"210330_U126",2021-03-30 16:59:00
"210330_U127",2021-03-30 17:00:00
"210330_U128",2021-03-30 17:23:00
"210330_U129",2021-03-30 17:50:00
"210330_U130",2021-03-30 18:28:00
"210330_U131",2021-03-30 18:30:00
"210330_U132",2021-03-30 19:05:00
"210330_U133",2021-03-30 19:20:00
"210330_U134",2021-03-30 19:46:00
"210330_U135",2021-03-30 19:56:00
"210330_U136",2021-03-30 19:57:00
"210330_U137",2021-03-30 20:05:00
"210330_U138",2021-03-30 20:11:00
"210330_U139",2021-03-30 20:26:00
"210330_U140",2021-03-30 20:39:00
"210330_U141",2021-03-30 20:40:00
"210330_U142",2021-03-30 20:41:00
"210330_U143",2021-03-30 20:57:00
"210330_U144",2021-03-30 20:59:00
"210330_U145",2021-03-30 21:01:00
"210330_U146",2021-03-30 21:02:00
"210330_U147",2021-03-30 21:03:00
"210330_U148",2021-03-30 21:04:00
"210330_U149",2021-03-30 21:05:00
"210330_U150",2021-03-30 21:06:00
"210330_U151",2021-03-30 21:07:00
"210330_U152",2021-03-30 21:09:00
"210330_U153",2021-03-30 21:09:00
"210330_U154",2021-03-30 21:11:00
"210330_U155",2021-03-30 21:15:00
"210330_U156",2021-03-30 21:16:00
"210330_U157",2021-03-30 21:18:00
"210330_U158",2021-03-30 21:23:00
"210330_U159",2021-03-30 21:26:00
"210330_U160",2021-03-30 21:31:00
"210330_U161",2021-03-30 21:43:00
"210330_U162",2021-03-30 21:47:00
"210330_U163",2021-03-30 22:12:00
"210330_U164",2021-03-30 22:22:00
"210330_U165",2021-03-30 22:22:00
"210330_U166",2021-03-30 22:42:00
"210330_U167",2021-03-30 22:54:00
"210330_U168",2021-03-30 23:10:00
"210331_U001",2021-03-31 08:27:00
"210331_U002",2021-03-31 08:29:00
"210331_U003",2021-03-31 08:45:00
"210331_U004",2021-03-31 09:00:00
"210331_U005",2021-03-31 09:05:00
"210331_U006",2021-03-31 09:05:00
"210331_U007",2021-03-31 09:05:00
"210331_U008",2021-03-31 09:37:00
"210331_U009",2021-03-31 09:53:00
"210331_U010",2021-03-31 09:56:00
"210331_U011",2021-03-31 09:56:00
"210331_U012",2021-03-31 09:58:00
"210331_U013",2021-03-31 09:58:00
"210331_U014",2021-03-31 09:59:00
"210331_U015",2021-03-31 10:00:00
"210331_U016",2021-03-31 10:01:00
"210331_U017",2021-03-31 10:02:00
"210331_U018",2021-03-31 10:03:00
"210331_U019",2021-03-31 10:08:00
"210331_U020",2021-03-31 10:08:00
"210331_U021",2021-03-31 10:10:00
"210331_U022",2021-03-31 10:13:00
"210331_U023",2021-03-31 10:15:00
"210331_U024",2021-03-31 10:23:00
"210331_U025",2021-03-31 10:23:00
"210331_U026",2021-03-31 10:24:00
"210331_U027",2021-03-31 10:25:00
"210331_U028",2021-03-31 10:26:00
"210331_U029",2021-03-31 10:29:00
"210331_U030",2021-03-31 10:30:00
"210331_U031",2021-03-31 10:30:00
"210331_U032",2021-03-31 10:31:00
"210331_U033",2021-03-31 10:33:00
"210331_U034",2021-03-31 10:36:00
"210331_U035",2021-03-31 10:38:00
"210331_U036",2021-03-31 10:59:00
"210331_U037",2021-03-31 10:59:00
"210331_U038",2021-03-31 11:05:00
"210331_U039",2021-03-31 11:11:00
"210331_U040",2021-03-31 11:11:00
"210331_U041",2021-03-31 11:15:00
"210331_U042",2021-03-31 11:15:00
"210331_U043",2021-03-31 11:22:00
"210331_U044",2021-03-31 11:22:00
"210331_U045",2021-03-31 11:27:00
"210331_U046",2021-03-31 11:27:00
"210331_U047",2021-03-31 11:31:00
"210331_U048",2021-03-31 11:31:00
"210331_U049",2021-03-31 11:33:00
"210331_U050",2021-03-31 11:34:00
"210331_U051",2021-03-31 11:36:00
"210331_U052",2021-03-31 11:38:00
"210331_U053",2021-03-31 11:40:00
"210331_U054",2021-03-31 11:46:00
"210331_U055",2021-03-31 11:46:00
"210331_U056",2021-03-31 11:49:00
"210331_U057",2021-03-31 11:50:00
"210331_U058",2021-03-31 12:05:00
"210331_U059",2021-03-31 12:11:00
"210331_U060",2021-03-31 12:11:00
"210331_U061",2021-03-31 12:12:00
"210331_U062",2021-03-31 12:24:00
"210331_U063",2021-03-31 12:25:00
"210331_U064",2021-03-31 12:25:00
"210331_U065",2021-03-31 12:27:00
"210331_U066",2021-03-31 12:28:00
"210331_U067",2021-03-31 12:34:00
"210331_U068",2021-03-31 12:36:00
"210331_U069",2021-03-31 12:36:00
"210331_U070",2021-03-31 12:46:00
"210331_U071",2021-03-31 13:01:00
"210331_U072",2021-03-31 13:03:00
"210331_U073",2021-03-31 13:05:00
"210331_U074",2021-03-31 13:08:00
"210331_U075",2021-03-31 13:15:00
"210331_U076",2021-03-31 13:16:00
"210331_U077",2021-03-31 13:27:00
"210331_U078",2021-03-31 13:27:00
"210331_U079",2021-03-31 13:28:00
"210331_U080",2021-03-31 13:28:00
"210331_U081",2021-03-31 13:34:00
"210331_U082",2021-03-31 13:36:00
"210331_U083",2021-03-31 13:36:00
"210331_U084",2021-03-31 13:45:00
"210331_U085",2021-03-31 13:46:00
"210331_U086",2021-03-31 13:59:00
"210331_U087",2021-03-31 14:01:00
"210331_U088",2021-03-31 14:04:00
"210331_U089",2021-03-31 14:15:00
"210331_U090",2021-03-31 14:19:00
"210331_U091",2021-03-31 14:55:00
"210331_U092",2021-03-31 14:56:00
"210331_U093",2021-03-31 15:00:00
"210331_U094",2021-03-31 15:04:00
"210331_U095",2021-03-31 15:16:00
"210331_U096",2021-03-31 15:19:00
"210331_U097",2021-03-31 15:19:00
"210331_U098",2021-03-31 15:24:00
"210331_U099",2021-03-31 15:26:00
"210331_U100",2021-03-31 15:28:00
"210331_U101",2021-03-31 15:32:00
"210331_U102",2021-03-31 15:33:00
"210331_U103",2021-03-31 15:40:00
"210331_U104",2021-03-31 15:50:00
"210331_U105",2021-03-31 16:00:00
"210331_U106",2021-03-31 16:16:00
"210331_U107",2021-03-31 16:20:00
"210331_U108",2021-03-31 16:22:00
"210331_U109",2021-03-31 16:27:00
"210331_U110",2021-03-31 16:42:00
"210331_U111",2021-03-31 16:53:00
"210331_U112",2021-03-31 16:56:00
"210331_U113",2021-03-31 16:59:00
"210331_U114",2021-03-31 17:01:00
"210331_U115",2021-03-31 17:04:00
"210331_U116",2021-03-31 17:05:00
"210331_U117",2021-03-31 17:08:00
"210331_U118",2021-03-31 17:09:00
"210331_U119",2021-03-31 17:10:00
"210331_U120",2021-03-31 17:11:00
"210331_U121",2021-03-31 17:20:00
"210331_U122",2021-03-31 17:26:00
"210331_U123",2021-03-31 17:30:00
"210331_U124",2021-03-31 18:10:00
"210331_U125",2021-03-31 19:54:00
"210331_U126",2021-03-31 20:27:00
"210331_U127",2021-03-31 20:27:00
"210331_U128",2021-03-31 20:34:00
"210331_U129",2021-03-31 20:34:00
"210331_U130",2021-03-31 20:34:00
"210331_U131",2021-03-31 20:35:00
"210331_U132",2021-03-31 20:35:00
"210331_U133",2021-03-31 20:35:00
"210331_U134",2021-03-31 20:41:00
"210331_U135",2021-03-31 20:44:00
"210331_U136",2021-03-31 20:48:00
"210331_U137",2021-03-31 20:49:00
"210401_U001",2021-04-01 08:19:00
"210401_U002",2021-04-01 08:31:00
"210401_U003",2021-04-01 08:31:00
"210401_U004",2021-04-01 08:48:00
"210401_U005",2021-04-01 08:54:00
"210401_U006",2021-04-01 09:11:00
"210401_U007",2021-04-01 09:11:00
"210401_U008",2021-04-01 09:11:00
"210401_U009",2021-04-01 09:29:00
"210401_U010",2021-04-01 09:33:00
"210401_U011",2021-04-01 09:34:00
"210401_U012",2021-04-01 09:35:00
"210401_U013",2021-04-01 09:35:00
"210401_U014",2021-04-01 09:37:00
"210401_U015",2021-04-01 09:39:00
"210401_U016",2021-04-01 09:41:00
"210401_U017",2021-04-01 09:42:00
"210401_U018",2021-04-01 09:44:00
"210401_U019",2021-04-01 09:48:00
"210401_U020",2021-04-01 09:51:00
"210401_U021",2021-04-01 09:51:00
"210401_U022",2021-04-01 09:51:00
"210401_U023",2021-04-01 09:51:00
"210401_U024",2021-04-01 09:54:00
"210401_U025",2021-04-01 09:55:00
"210401_U026",2021-04-01 09:58:00
"210401_U027",2021-04-01 10:00:00
"210401_U028",2021-04-01 10:00:00
"210401_U029",2021-04-01 10:02:00
"210401_U030",2021-04-01 10:04:00
"210401_U031",2021-04-01 10:05:00
"210401_U032",2021-04-01 10:06:00
"210401_U033",2021-04-01 10:08:00
"210401_U034",2021-04-01 10:11:00
"210401_U035",2021-04-01 10:11:00
"210401_U036",2021-04-01 10:24:00
"210401_U037",2021-04-01 10:26:00
"210401_U038",2021-04-01 10:31:00
"210401_U039",2021-04-01 10:35:00
"210401_U040",2021-04-01 10:36:00
"210401_U041",2021-04-01 10:39:00
"210401_U042",2021-04-01 10:42:00
"210401_U043",2021-04-01 10:43:00
"210401_U044",2021-04-01 10:44:00
"210401_U045",2021-04-01 10:44:00
"210401_U046",2021-04-01 10:45:00
"210401_U047",2021-04-01 10:46:00
"210401_U048",2021-04-01 10:51:00
"210401_U049",2021-04-01 10:51:00
"210401_U050",2021-04-01 10:56:00
"210401_U051",2021-04-01 10:57:00
"210401_U052",2021-04-01 10:59:00
"210401_U053",2021-04-01 11:04:00
"210401_U054",2021-04-01 11:10:00
"210401_U055",2021-04-01 11:13:00
"210401_U056",2021-04-01 11:16:00
"210401_U057",2021-04-01 11:22:00
"210401_U058",2021-04-01 11:30:00
"210401_U059",2021-04-01 11:35:00
"210401_U060",2021-04-01 11:44:00
"210401_U061",2021-04-01 11:44:00
"210401_U062",2021-04-01 11:49:00
"210401_U063",2021-04-01 11:51:00
"210401_U064",2021-04-01 11:55:00
"210401_U065",2021-04-01 11:57:00
"210401_U066",2021-04-01 11:57:00
"210401_U067",2021-04-01 11:57:00
"210401_U068",2021-04-01 12:10:00
"210401_U069",2021-04-01 12:15:00
"210401_U070",2021-04-01 12:15:00
"210401_U071",2021-04-01 12:15:00
"210401_U072",2021-04-01 12:19:00
"210401_U073",2021-04-01 12:23:00
"210401_U074",2021-04-01 12:23:00
"210401_U075",2021-04-01 12:25:00
"210401_U076",2021-04-01 12:36:00
"210401_U077",2021-04-01 12:40:00
"210401_U078",2021-04-01 12:51:00
"210401_U079",2021-04-01 13:00:00
"210401_U080",2021-04-01 13:02:00
"210401_U081",2021-04-01 13:02:00
"210401_U082",2021-04-01 13:05:00
"210401_U083",2021-04-01 13:07:00
"210401_U084",2021-04-01 13:09:00
"210401_U085",2021-04-01 13:10:00
"210401_U086",2021-04-01 13:13:00
"210401_U087",2021-04-01 13:14:00
"210401_U088",2021-04-01 13:14:00
"210401_U089",2021-04-01 13:15:00
"210401_U090",2021-04-01 13:17:00
"210401_U091",2021-04-01 13:17:00
"210401_U092",2021-04-01 13:20:00
"210401_U093",2021-04-01 13:23:00
"210401_U094",2021-04-01 13:24:00
"210401_U095",2021-04-01 13:25:00
"210401_U096",2021-04-01 13:25:00
"210401_U097",2021-04-01 13:26:00
"210401_U098",2021-04-01 13:27:00
"210401_U099",2021-04-01 13:28:00
"210401_U100",2021-04-01 13:29:00
"210401_U101",2021-04-01 13:30:00
"210401_U102",2021-04-01 13:33:00
"210401_U103",2021-04-01 13:35:00
"210401_U104",2021-04-01 13:38:00
"210401_U105",2021-04-01 13:40:00
"210401_U106",2021-04-01 13:44:00
"210401_U107",2021-04-01 13:46:00
"210401_U108",2021-04-01 13:48:00
"210401_U109",2021-04-01 13:49:00
"210401_U110",2021-04-01 13:54:00
"210401_U111",2021-04-01 13:56:00
"210401_U112",2021-04-01 13:59:00
"210401_U113",2021-04-01 14:01:00
"210401_U114",2021-04-01 14:02:00
"210401_U115",2021-04-01 14:05:00
"210401_U116",2021-04-01 14:07:00
"210401_U117",2021-04-01 14:07:00
"210401_U118",2021-04-01 14:14:00
"210401_U119",2021-04-01 14:16:00
"210401_U120",2021-04-01 14:18:00
"210401_U121",2021-04-01 14:25:00
"210401_U122",2021-04-01 14:26:00
"210401_U123",2021-04-01 14:27:00
"210401_U124",2021-04-01 14:30:00
"210401_U125",2021-04-01 14:35:00
"210401_U126",2021-04-01 14:39:00
"210401_U127",2021-04-01 14:40:00
"210401_U128",2021-04-01 14:41:00
"210401_U129",2021-04-01 14:43:00
"210401_U130",2021-04-01 14:56:00
"210401_U131",2021-04-01 15:03:00
"210401_U132",2021-04-01 15:12:00
"210401_U133",2021-04-01 15:22:00
"210401_U134",2021-04-01 15:29:00
"210401_U135",2021-04-01 15:30:00
"210401_U136",2021-04-01 15:30:00
"210401_U137",2021-04-01 15:31:00
"210401_U138",2021-04-01 15:35:00
"210401_U139",2021-04-01 15:36:00
"210401_U140",2021-04-01 15:37:00
"210401_U141",2021-04-01 15:38:00
"210401_U142",2021-04-01 15:39:00
"210401_U143",2021-04-01 15:41:00
"210401_U144",2021-04-01 15:43:00
"210401_U145",2021-04-01 15:45:00
"210401_U146",2021-04-01 15:46:00
"210401_U147",2021-04-01 15:50:00
"210401_U148",2021-04-01 15:51:00
"210401_U149",2021-04-01 15:51:00
"210401_U150",2021-04-01 15:54:00
"210401_U151",2021-04-01 15:56:00
"210401_U152",2021-04-01 15:58:00
"210401_U153",2021-04-01 16:05:00
"210401_U154",2021-04-01 16:07:00
"210401_U155",2021-04-01 16:08:00
"210401_U156",2021-04-01 16:10:00
"210401_U157",2021-04-01 16:16:00
"210401_U158",2021-04-01 16:18:00
"210401_U159",2021-04-01 16:19:00
"210401_U160",2021-04-01 16:20:00
"210401_U161",2021-04-01 16:23:00
"210401_U162",2021-04-01 16:27:00
"210401_U163",2021-04-01 16:28:00
"210401_U164",2021-04-01 16:30:00
"210401_U165",2021-04-01 16:32:00
"210401_U166",2021-04-01 16:33:00
"210401_U167",2021-04-01 16:36:00
"210401_U168",2021-04-01 16:40:00
"210401_U169",2021-04-01 16:41:00
"210401_U170",2021-04-01 16:45:00
"210401_U171",2021-04-01 16:47:00
"210401_U172",2021-04-01 16:48:00
"210401_U173",2021-04-01 16:50:00
"210401_U174",2021-04-01 16:52:00
"210401_U175",2021-04-01 16:56:00
"210401_U176",2021-04-01 16:58:00
"210401_U177",2021-04-01 17:01:00
"210401_U178",2021-04-01 17:06:00
"210401_U179",2021-04-01 17:10:00
"210401_U180",2021-04-01 17:14:00
"210401_U181",2021-04-01 17:19:00
"210401_U182",2021-04-01 17:20:00
"210401_U183",2021-04-01 17:49:00
"210401_U184",2021-04-01 18:31:00
"210401_U185",2021-04-01 19:21:00
"210401_U186",2021-04-01 19:23:00
"210401_U187",2021-04-01 19:35:00
"210401_U188",2021-04-01 19:45:00
"210401_U189",2021-04-01 19:45:00
"210401_U190",2021-04-01 19:45:00
"210401_U191",2021-04-01 19:57:00
"210401_U192",2021-04-01 19:58:00
"210401_U193",2021-04-01 19:59:00
"210401_U194",2021-04-01 20:00:00
"210401_U195",2021-04-01 20:02:00
"210401_U196",2021-04-01 20:02:00
"210401_U197",2021-04-01 20:04:00
"210401_U198",2021-04-01 20:22:00
"210401_U199",2021-04-01 20:34:00
"210401_U200",2021-04-01 20:35:00
"210401_U201",2021-04-01 20:37:00
"210401_U202",2021-04-01 20:39:00
"210401_U203",2021-04-01 20:44:00
"210401_U204",2021-04-01 21:08:00
"210401_U205",2021-04-01 21:08:00
"210402_U001",2021-04-02 08:13:00
"210402_U002",2021-04-02 08:39:00
"210402_U003",2021-04-02 10:05:00
"210402_U004",2021-04-02 10:15:00
"210402_U005",2021-04-02 10:15:00
"210402_U006",2021-04-02 10:40:00
"210402_U007",2021-04-02 10:46:00
"210402_U008",2021-04-02 10:56:00
"210402_U009",2021-04-02 11:20:00
"210402_U010",2021-04-02 11:20:00
"210402_U011",2021-04-02 11:21:00
"210402_U012",2021-04-02 11:21:00
"210402_U013",2021-04-02 11:46:00
"210402_U014",2021-04-02 11:49:00
"210402_U015",2021-04-02 12:44:00
"210402_U016",2021-04-02 12:44:00
"210402_U017",2021-04-02 13:33:00
"210402_U018",2021-04-02 13:39:00
"210402_U019",2021-04-02 13:40:00
"210402_U020",2021-04-02 17:07:00
"210402_U021",2021-04-02 17:17:00
"210402_U022",2021-04-02 17:28:00
"210402_U023",2021-04-02 17:39:00
"210402_U024",2021-04-02 17:41:00
"210402_U025",2021-04-02 17:50:00
"210402_U026",2021-04-02 18:01:00
"210402_U027",2021-04-02 18:12:00
"210402_U028",2021-04-02 18:23:00
"210402_U029",2021-04-02 20:07:00
"210403_U001",2021-04-03 09:14:00
