"ID","Time"
"210606_U001",2021-06-06 11:09:00
"210606_U002",2021-06-06 12:07:00
"210606_U003",2021-06-06 14:58:00
"210607_U001",2021-06-07 08:52:00
"210607_U002",2021-06-07 09:00:00
"210607_U003",2021-06-07 09:00:00
"210607_U004",2021-06-07 09:04:00
"210607_U005",2021-06-07 09:08:00
"210607_U006",2021-06-07 09:11:00
"210607_U007",2021-06-07 09:27:00
"210607_U008",2021-06-07 09:27:00
"210607_U009",2021-06-07 09:30:00
"210607_U010",2021-06-07 09:30:00
"210607_U011",2021-06-07 09:52:00
"210607_U012",2021-06-07 10:00:00
"210607_U013",2021-06-07 10:01:00
"210607_U014",2021-06-07 10:07:00
"210607_U015",2021-06-07 10:29:00
"210607_U016",2021-06-07 10:29:00
"210607_U017",2021-06-07 10:31:00
"210607_U018",2021-06-07 10:31:00
"210607_U019",2021-06-07 10:35:00
"210607_U020",2021-06-07 10:43:00
"210607_U021",2021-06-07 10:45:00
"210607_U022",2021-06-07 10:45:00
"210607_U023",2021-06-07 10:50:00
"210607_U024",2021-06-07 10:51:00
"210607_U025",2021-06-07 10:55:00
"210607_U026",2021-06-07 10:58:00
"210607_U027",2021-06-07 11:07:00
"210607_U028",2021-06-07 11:13:00
"210607_U029",2021-06-07 11:17:00
"210607_U030",2021-06-07 11:20:00
"210607_U031",2021-06-07 11:23:00
"210607_U032",2021-06-07 11:24:00
"210607_U033",2021-06-07 11:33:00
"210607_U034",2021-06-07 11:35:00
"210607_U035",2021-06-07 11:38:00
"210607_U036",2021-06-07 11:43:00
"210607_U037",2021-06-07 11:45:00
"210607_U038",2021-06-07 11:51:00
"210607_U039",2021-06-07 11:54:00
"210607_U040",2021-06-07 11:56:00
"210607_U041",2021-06-07 11:57:00
"210607_U042",2021-06-07 12:00:00
"210607_U043",2021-06-07 12:02:00
"210607_U044",2021-06-07 12:02:00
"210607_U045",2021-06-07 12:06:00
"210607_U046",2021-06-07 12:07:00
"210607_U047",2021-06-07 12:10:00
"210607_U048",2021-06-07 12:12:00
"210607_U049",2021-06-07 12:14:00
"210607_U050",2021-06-07 12:15:00
"210607_U051",2021-06-07 12:16:00
"210607_U052",2021-06-07 12:18:00
"210607_U053",2021-06-07 12:19:00
"210607_U054",2021-06-07 12:21:00
"210607_U055",2021-06-07 12:32:00
"210607_U056",2021-06-07 12:33:00
"210607_U057",2021-06-07 12:33:00
"210607_U058",2021-06-07 12:34:00
"210607_U059",2021-06-07 12:35:00
"210607_U060",2021-06-07 12:37:00
"210607_U061",2021-06-07 12:38:00
"210607_U062",2021-06-07 12:40:00
"210607_U063",2021-06-07 12:46:00
"210607_U064",2021-06-07 12:47:00
"210607_U065",2021-06-07 12:49:00
"210607_U066",2021-06-07 12:52:00
"210607_U067",2021-06-07 12:53:00
"210607_U068",2021-06-07 13:03:00
"210607_U069",2021-06-07 13:05:00
"210607_U070",2021-06-07 13:06:00
"210607_U071",2021-06-07 13:07:00
"210607_U072",2021-06-07 13:11:00
"210607_U073",2021-06-07 13:11:00
"210607_U074",2021-06-07 13:13:00
"210607_U075",2021-06-07 13:15:00
"210607_U076",2021-06-07 13:16:00
"210607_U077",2021-06-07 13:16:00
"210607_U078",2021-06-07 13:19:00
"210607_U079",2021-06-07 13:24:00
"210607_U080",2021-06-07 13:24:00
"210607_U081",2021-06-07 13:41:00
"210607_U082",2021-06-07 13:43:00
"210607_U083",2021-06-07 13:43:00
"210607_U084",2021-06-07 13:46:00
"210607_U085",2021-06-07 13:47:00
"210607_U086",2021-06-07 13:53:00
"210607_U087",2021-06-07 13:55:00
"210607_U088",2021-06-07 13:59:00
"210607_U089",2021-06-07 13:59:00
"210607_U090",2021-06-07 14:00:00
"210607_U091",2021-06-07 14:04:00
"210607_U092",2021-06-07 14:04:00
"210607_U093",2021-06-07 14:05:00
"210607_U094",2021-06-07 14:06:00
"210607_U095",2021-06-07 14:18:00
"210607_U096",2021-06-07 14:21:00
"210607_U097",2021-06-07 14:21:00
"210607_U098",2021-06-07 14:25:00
"210607_U099",2021-06-07 14:25:00
"210607_U100",2021-06-07 14:25:00
"210607_U101",2021-06-07 14:26:00
"210607_U102",2021-06-07 14:27:00
"210607_U103",2021-06-07 14:28:00
"210607_U104",2021-06-07 14:29:00
"210607_U105",2021-06-07 14:31:00
"210607_U106",2021-06-07 14:36:00
"210607_U107",2021-06-07 14:41:00
"210607_U108",2021-06-07 14:44:00
"210607_U109",2021-06-07 14:56:00
"210607_U110",2021-06-07 15:01:00
"210607_U111",2021-06-07 15:01:00
"210607_U112",2021-06-07 15:06:00
"210607_U113",2021-06-07 15:06:00
"210607_U114",2021-06-07 15:12:00
"210607_U115",2021-06-07 15:12:00
"210607_U116",2021-06-07 15:15:00
"210607_U117",2021-06-07 15:17:00
"210607_U118",2021-06-07 15:19:00
"210607_U119",2021-06-07 16:03:00
"210607_U120",2021-06-07 16:20:00
"210607_U121",2021-06-07 16:20:00
"210607_U122",2021-06-07 16:22:00
"210607_U123",2021-06-07 16:27:00
"210607_U124",2021-06-07 16:31:00
"210607_U125",2021-06-07 16:31:00
"210607_U126",2021-06-07 16:35:00
"210607_U127",2021-06-07 16:35:00
"210607_U128",2021-06-07 16:39:00
"210607_U129",2021-06-07 16:41:00
"210607_U130",2021-06-07 16:44:00
"210607_U131",2021-06-07 16:50:00
"210607_U132",2021-06-07 16:50:00
"210607_U133",2021-06-07 16:59:00
"210607_U134",2021-06-07 17:01:00
"210607_U135",2021-06-07 17:01:00
"210607_U136",2021-06-07 17:13:00
"210607_U137",2021-06-07 17:26:00
"210607_U138",2021-06-07 17:27:00
"210607_U139",2021-06-07 17:29:00
"210607_U140",2021-06-07 17:30:00
"210607_U141",2021-06-07 17:33:00
"210607_U142",2021-06-07 17:35:00
"210607_U143",2021-06-07 17:38:00
"210607_U144",2021-06-07 17:42:00
"210607_U145",2021-06-07 17:43:00
"210607_U146",2021-06-07 17:44:00
"210607_U147",2021-06-07 17:47:00
"210607_U148",2021-06-07 17:47:00
"210607_U149",2021-06-07 17:48:00
"210607_U150",2021-06-07 17:52:00
"210607_U151",2021-06-07 17:56:00
"210607_U152",2021-06-07 18:00:00
"210607_U153",2021-06-07 18:04:00
"210607_U154",2021-06-07 18:07:00
"210607_U155",2021-06-07 18:07:00
"210607_U156",2021-06-07 18:11:00
"210607_U157",2021-06-07 18:15:00
"210607_U158",2021-06-07 18:32:00
"210607_U159",2021-06-07 18:32:00
"210607_U160",2021-06-07 18:34:00
"210607_U161",2021-06-07 18:47:00
"210607_U162",2021-06-07 18:54:00
"210607_U163",2021-06-07 19:30:00
"210607_U164",2021-06-07 19:30:00
"210607_U165",2021-06-07 19:35:00
"210607_U166",2021-06-07 19:59:00
"210607_U167",2021-06-07 19:59:00
"210607_U168",2021-06-07 20:14:00
"210607_U169",2021-06-07 20:24:00
"210607_U170",2021-06-07 20:28:00
"210607_U171",2021-06-07 20:32:00
"210607_U172",2021-06-07 20:51:00
"210607_U173",2021-06-07 21:03:00
"210607_U174",2021-06-07 21:05:00
"210607_U175",2021-06-07 21:06:00
"210607_U176",2021-06-07 21:07:00
"210607_U177",2021-06-07 21:10:00
"210607_U178",2021-06-07 21:12:00
"210607_U179",2021-06-07 21:13:00
"210607_U180",2021-06-07 21:24:00
"210607_U181",2021-06-07 21:27:00
"210607_U182",2021-06-07 21:27:00
"210607_U183",2021-06-07 21:27:00
"210607_U184",2021-06-07 21:46:00
"210607_U185",2021-06-07 21:49:00
"210607_U186",2021-06-07 21:51:00
"210607_U187",2021-06-07 21:52:00
"210607_U188",2021-06-07 21:54:00
"210607_U189",2021-06-07 21:56:00
"210607_U190",2021-06-07 21:58:00
"210607_U191",2021-06-07 22:05:00
"210607_U192",2021-06-07 22:09:00
"210607_U193",2021-06-07 22:10:00
"210607_U194",2021-06-07 22:12:00
"210607_U195",2021-06-07 22:13:00
"210607_U196",2021-06-07 22:16:00
"210607_U197",2021-06-07 22:16:00
"210607_U198",2021-06-07 22:18:00
"210607_U199",2021-06-07 22:19:00
"210607_U200",2021-06-07 22:20:00
"210607_U201",2021-06-07 22:20:00
"210607_U202",2021-06-07 22:21:00
"210607_U203",2021-06-07 22:22:00
"210607_U204",2021-06-07 22:23:00
"210607_U205",2021-06-07 22:23:00
"210607_U206",2021-06-07 22:25:00
"210607_U207",2021-06-07 22:36:00
"210607_U208",2021-06-07 22:36:00
"210607_U209",2021-06-07 22:39:00
"210607_U210",2021-06-07 22:39:00
"210607_U211",2021-06-07 22:41:00
"210607_U212",2021-06-07 22:42:00
"210607_U213",2021-06-07 22:43:00
"210607_U214",2021-06-07 22:43:00
"210607_U215",2021-06-07 22:47:00
"210607_U216",2021-06-07 22:53:00
"210607_U217",2021-06-07 22:55:00
"210607_U218",2021-06-07 22:59:00
"210607_U219",2021-06-07 23:01:00
"210607_U220",2021-06-07 23:05:00
"210607_U221",2021-06-07 23:25:00
"210607_U222",2021-06-07 23:34:00
"210607_U223",2021-06-07 23:35:00
"210607_U224",2021-06-07 23:35:00
"210607_U225",2021-06-07 23:36:00
"210607_U226",2021-06-07 23:37:00
"210607_U227",2021-06-07 23:39:00
"210607_U228",2021-06-07 23:39:00
"210608_U001",2021-06-08 08:03:00
"210608_U002",2021-06-08 10:00:00
"210608_U003",2021-06-08 10:00:00
"210608_U004",2021-06-08 10:05:00
"210608_U005",2021-06-08 10:07:00
"210608_U006",2021-06-08 10:10:00
"210608_U007",2021-06-08 10:13:00
"210608_U008",2021-06-08 10:14:00
"210608_U009",2021-06-08 10:15:00
"210608_U010",2021-06-08 10:15:00
"210608_U011",2021-06-08 10:17:00
"210608_U012",2021-06-08 10:19:00
"210608_U013",2021-06-08 10:19:00
"210608_U014",2021-06-08 10:20:00
"210608_U015",2021-06-08 10:23:00
"210608_U016",2021-06-08 10:25:00
"210608_U017",2021-06-08 10:26:00
"210608_U018",2021-06-08 10:27:00
"210608_U019",2021-06-08 10:28:00
"210608_U020",2021-06-08 10:31:00
"210608_U021",2021-06-08 10:34:00
"210608_U022",2021-06-08 10:36:00
"210608_U023",2021-06-08 10:38:00
"210608_U024",2021-06-08 10:40:00
"210608_U025",2021-06-08 10:43:00
"210608_U026",2021-06-08 10:45:00
"210608_U027",2021-06-08 10:45:00
"210608_U028",2021-06-08 10:49:00
"210608_U029",2021-06-08 10:50:00
"210608_U030",2021-06-08 10:53:00
"210608_U031",2021-06-08 11:02:00
"210608_U032",2021-06-08 11:05:00
"210608_U033",2021-06-08 11:09:00
"210608_U034",2021-06-08 11:19:00
"210608_U035",2021-06-08 11:19:00
"210608_U036",2021-06-08 11:22:00
"210608_U037",2021-06-08 11:22:00
"210608_U038",2021-06-08 11:23:00
"210608_U039",2021-06-08 11:23:00
"210608_U040",2021-06-08 11:25:00
"210608_U041",2021-06-08 11:26:00
"210608_U042",2021-06-08 11:28:00
"210608_U043",2021-06-08 11:31:00
"210608_U044",2021-06-08 11:31:00
"210608_U045",2021-06-08 11:34:00
"210608_U046",2021-06-08 11:35:00
"210608_U047",2021-06-08 11:35:00
"210608_U048",2021-06-08 11:35:00
"210608_U049",2021-06-08 11:37:00
"210608_U050",2021-06-08 11:38:00
"210608_U051",2021-06-08 11:39:00
"210608_U052",2021-06-08 11:40:00
"210608_U053",2021-06-08 11:41:00
"210608_U054",2021-06-08 11:42:00
"210608_U055",2021-06-08 11:44:00
"210608_U056",2021-06-08 11:45:00
"210608_U057",2021-06-08 11:47:00
"210608_U058",2021-06-08 11:49:00
"210608_U059",2021-06-08 11:50:00
"210608_U060",2021-06-08 11:54:00
"210608_U061",2021-06-08 11:56:00
"210608_U062",2021-06-08 11:58:00
"210608_U063",2021-06-08 11:59:00
"210608_U064",2021-06-08 12:01:00
"210608_U065",2021-06-08 12:02:00
"210608_U066",2021-06-08 12:06:00
"210608_U067",2021-06-08 12:07:00
"210608_U068",2021-06-08 12:08:00
"210608_U069",2021-06-08 12:09:00
"210608_U070",2021-06-08 12:13:00
"210608_U071",2021-06-08 12:17:00
"210608_U072",2021-06-08 12:20:00
"210608_U073",2021-06-08 12:24:00
"210608_U074",2021-06-08 12:27:00
"210608_U075",2021-06-08 12:35:00
"210608_U076",2021-06-08 12:40:00
"210608_U077",2021-06-08 12:42:00
"210608_U078",2021-06-08 12:43:00
"210608_U079",2021-06-08 12:43:00
"210608_U080",2021-06-08 12:43:00
"210608_U081",2021-06-08 12:45:00
"210608_U082",2021-06-08 12:45:00
"210608_U083",2021-06-08 12:45:00
"210608_U084",2021-06-08 12:48:00
"210608_U085",2021-06-08 12:48:00
"210608_U086",2021-06-08 12:53:00
"210608_U087",2021-06-08 12:59:00
"210608_U088",2021-06-08 12:59:00
"210608_U089",2021-06-08 12:59:00
"210608_U090",2021-06-08 13:05:00
"210608_U091",2021-06-08 13:15:00
"210608_U092",2021-06-08 13:16:00
"210608_U093",2021-06-08 13:16:00
"210608_U094",2021-06-08 13:19:00
"210608_U095",2021-06-08 13:20:00
"210608_U096",2021-06-08 13:20:00
"210608_U097",2021-06-08 13:21:00
"210608_U098",2021-06-08 13:23:00
"210608_U099",2021-06-08 13:24:00
"210608_U100",2021-06-08 13:27:00
"210608_U101",2021-06-08 13:30:00
"210608_U102",2021-06-08 13:31:00
"210608_U103",2021-06-08 13:35:00
"210608_U104",2021-06-08 13:37:00
"210608_U105",2021-06-08 13:39:00
"210608_U106",2021-06-08 13:43:00
"210608_U107",2021-06-08 13:46:00
"210608_U108",2021-06-08 13:49:00
"210608_U109",2021-06-08 13:50:00
"210608_U110",2021-06-08 13:50:00
"210608_U111",2021-06-08 13:51:00
"210608_U112",2021-06-08 13:54:00
"210608_U113",2021-06-08 13:56:00
"210608_U114",2021-06-08 13:56:00
"210608_U115",2021-06-08 13:56:00
"210608_U116",2021-06-08 13:57:00
"210608_U117",2021-06-08 13:58:00
"210608_U118",2021-06-08 13:58:00
"210608_U119",2021-06-08 13:59:00
"210608_U120",2021-06-08 14:00:00
"210608_U121",2021-06-08 14:02:00
"210608_U122",2021-06-08 14:05:00
"210608_U123",2021-06-08 14:06:00
"210608_U124",2021-06-08 14:07:00
"210608_U125",2021-06-08 14:07:00
"210608_U126",2021-06-08 14:09:00
"210608_U127",2021-06-08 14:10:00
"210608_U128",2021-06-08 14:11:00
"210608_U129",2021-06-08 14:11:00
"210608_U130",2021-06-08 14:12:00
"210608_U131",2021-06-08 14:12:00
"210608_U132",2021-06-08 14:13:00
"210608_U133",2021-06-08 14:13:00
"210608_U134",2021-06-08 14:14:00
"210608_U135",2021-06-08 14:17:00
"210608_U136",2021-06-08 14:17:00
"210608_U137",2021-06-08 14:19:00
"210608_U138",2021-06-08 14:20:00
"210608_U139",2021-06-08 14:20:00
"210608_U140",2021-06-08 14:22:00
"210608_U141",2021-06-08 14:23:00
"210608_U142",2021-06-08 14:24:00
"210608_U143",2021-06-08 14:25:00
"210608_U144",2021-06-08 14:28:00
"210608_U145",2021-06-08 14:28:00
"210608_U146",2021-06-08 14:28:00
"210608_U147",2021-06-08 14:30:00
"210608_U148",2021-06-08 14:32:00
"210608_U149",2021-06-08 14:34:00
"210608_U150",2021-06-08 14:34:00
"210608_U151",2021-06-08 14:38:00
"210608_U152",2021-06-08 14:39:00
"210608_U153",2021-06-08 14:40:00
"210608_U154",2021-06-08 14:40:00
"210608_U155",2021-06-08 14:40:00
"210608_U156",2021-06-08 14:42:00
"210608_U157",2021-06-08 14:44:00
"210608_U158",2021-06-08 14:48:00
"210608_U159",2021-06-08 14:50:00
"210608_U160",2021-06-08 14:50:00
"210608_U161",2021-06-08 14:53:00
"210608_U162",2021-06-08 14:54:00
"210608_U163",2021-06-08 14:56:00
"210608_U164",2021-06-08 15:03:00
"210608_U165",2021-06-08 15:03:00
"210608_U166",2021-06-08 15:16:00
"210608_U167",2021-06-08 15:18:00
"210608_U168",2021-06-08 15:18:00
"210608_U169",2021-06-08 15:27:00
"210608_U170",2021-06-08 15:30:00
"210608_U171",2021-06-08 15:38:00
"210608_U172",2021-06-08 15:43:00
"210608_U173",2021-06-08 15:45:00
"210608_U174",2021-06-08 15:46:00
"210608_U175",2021-06-08 15:47:00
"210608_U176",2021-06-08 15:50:00
"210608_U177",2021-06-08 15:53:00
"210608_U178",2021-06-08 15:56:00
"210608_U179",2021-06-08 15:56:00
"210608_U180",2021-06-08 15:57:00
"210608_U181",2021-06-08 15:57:00
"210608_U182",2021-06-08 16:01:00
"210608_U183",2021-06-08 16:04:00
"210608_U184",2021-06-08 16:16:00
"210608_U185",2021-06-08 16:20:00
"210608_U186",2021-06-08 16:21:00
"210608_U187",2021-06-08 16:22:00
"210608_U188",2021-06-08 16:24:00
"210608_U189",2021-06-08 16:24:00
"210608_U190",2021-06-08 16:25:00
"210608_U191",2021-06-08 16:26:00
"210608_U192",2021-06-08 16:45:00
"210608_U193",2021-06-08 16:57:00
"210608_U194",2021-06-08 17:06:00
"210608_U195",2021-06-08 17:09:00
"210608_U196",2021-06-08 17:11:00
"210608_U197",2021-06-08 17:15:00
"210608_U198",2021-06-08 17:16:00
"210608_U199",2021-06-08 17:16:00
"210608_U200",2021-06-08 17:18:00
"210608_U201",2021-06-08 17:18:00
"210608_U202",2021-06-08 17:19:00
"210608_U203",2021-06-08 17:20:00
"210608_U204",2021-06-08 17:20:00
"210608_U205",2021-06-08 17:22:00
"210608_U206",2021-06-08 17:22:00
"210608_U207",2021-06-08 17:24:00
"210608_U208",2021-06-08 17:24:00
"210608_U209",2021-06-08 17:25:00
"210608_U210",2021-06-08 17:26:00
"210608_U211",2021-06-08 17:51:00
"210608_U212",2021-06-08 18:04:00
"210608_U213",2021-06-08 18:04:00
"210608_U214",2021-06-08 18:05:00
"210608_U215",2021-06-08 18:05:00
"210608_U216",2021-06-08 18:20:00
"210608_U217",2021-06-08 18:29:00
"210608_U218",2021-06-08 18:32:00
"210608_U219",2021-06-08 18:34:00
"210608_U220",2021-06-08 18:58:00
"210608_U221",2021-06-08 19:03:00
"210608_U222",2021-06-08 19:11:00
"210608_U223",2021-06-08 19:11:00
"210608_U224",2021-06-08 19:12:00
"210608_U225",2021-06-08 19:16:00
"210608_U226",2021-06-08 19:18:00
"210608_U227",2021-06-08 19:20:00
"210608_U228",2021-06-08 19:21:00
"210608_U229",2021-06-08 19:27:00
"210608_U230",2021-06-08 19:27:00
"210608_U231",2021-06-08 19:28:00
"210608_U232",2021-06-08 19:30:00
"210608_U233",2021-06-08 19:31:00
"210608_U234",2021-06-08 19:32:00
"210608_U235",2021-06-08 19:33:00
"210608_U236",2021-06-08 19:39:00
"210608_U237",2021-06-08 19:43:00
"210608_U238",2021-06-08 19:45:00
"210608_U239",2021-06-08 19:52:00
"210608_U240",2021-06-08 20:18:00
"210608_U241",2021-06-08 20:19:00
"210608_U242",2021-06-08 20:19:00
"210608_U243",2021-06-08 20:19:00
"210608_U244",2021-06-08 20:20:00
"210608_U245",2021-06-08 20:20:00
"210608_U246",2021-06-08 20:22:00
"210608_U247",2021-06-08 20:22:00
"210608_U248",2021-06-08 20:23:00
"210608_U249",2021-06-08 20:24:00
"210608_U250",2021-06-08 20:25:00
"210608_U251",2021-06-08 20:27:00
"210608_U252",2021-06-08 20:27:00
"210608_U253",2021-06-08 20:29:00
"210608_U254",2021-06-08 20:31:00
"210608_U255",2021-06-08 20:31:00
"210608_U256",2021-06-08 20:33:00
"210608_U257",2021-06-08 20:34:00
"210608_U258",2021-06-08 20:36:00
"210608_U259",2021-06-08 20:37:00
"210608_U260",2021-06-08 20:39:00
"210608_U261",2021-06-08 20:40:00
"210608_U262",2021-06-08 20:42:00
"210608_U263",2021-06-08 20:43:00
"210608_U264",2021-06-08 20:45:00
"210608_U265",2021-06-08 20:45:00
"210608_U266",2021-06-08 20:47:00
"210608_U267",2021-06-08 20:49:00
"210608_U268",2021-06-08 20:51:00
"210608_U269",2021-06-08 20:53:00
"210608_U270",2021-06-08 21:08:00
"210608_U271",2021-06-08 21:10:00
"210608_U272",2021-06-08 21:12:00
"210608_U273",2021-06-08 21:14:00
"210608_U274",2021-06-08 21:15:00
"210608_U275",2021-06-08 21:17:00
"210608_U276",2021-06-08 21:18:00
"210608_U277",2021-06-08 21:19:00
"210608_U278",2021-06-08 21:20:00
"210608_U279",2021-06-08 21:21:00
"210608_U280",2021-06-08 21:22:00
"210608_U281",2021-06-08 21:23:00
"210608_U282",2021-06-08 21:25:00
"210608_U283",2021-06-08 21:25:00
"210608_U284",2021-06-08 21:26:00
"210608_U285",2021-06-08 21:27:00
"210608_U286",2021-06-08 21:28:00
"210608_U287",2021-06-08 21:30:00
"210608_U288",2021-06-08 21:30:00
"210608_U289",2021-06-08 21:32:00
"210608_U290",2021-06-08 21:32:00
"210608_U291",2021-06-08 21:33:00
"210608_U292",2021-06-08 21:34:00
"210608_U293",2021-06-08 21:36:00
"210608_U294",2021-06-08 21:37:00
"210608_U295",2021-06-08 21:37:00
"210608_U296",2021-06-08 21:38:00
"210608_U297",2021-06-08 21:38:00
"210608_U298",2021-06-08 21:39:00
"210608_U299",2021-06-08 21:41:00
"210608_U300",2021-06-08 21:43:00
"210608_U301",2021-06-08 21:45:00
"210608_U302",2021-06-08 21:47:00
"210608_U303",2021-06-08 22:08:00
"210608_U304",2021-06-08 22:13:00
"210608_U305",2021-06-08 22:17:00
"210608_U306",2021-06-08 22:17:00
"210608_U307",2021-06-08 22:38:00
"210608_U308",2021-06-08 22:55:00
"210608_U309",2021-06-08 23:00:00
"210608_U310",2021-06-08 23:02:00
"210608_U311",2021-06-08 23:12:00
"210608_U312",2021-06-08 23:21:00
"210608_U313",2021-06-08 23:42:00
"210608_U314",2021-06-08 23:45:00
"210608_U315",2021-06-08 23:46:00
"210608_U316",2021-06-08 23:46:00
"210608_U317",2021-06-08 23:47:00
"210608_U318",2021-06-08 23:50:00
"210608_U319",2021-06-08 23:50:00
"210608_U320",2021-06-08 23:54:00
"210608_U321",2021-06-08 23:54:00
"210608_U322",2021-06-08 23:54:00
"210608_U323",2021-06-08 23:54:00
"210608_U324",2021-06-08 23:58:00
"210609_U001",2021-06-09 09:15:00
"210609_U002",2021-06-09 09:24:00
"210609_U003",2021-06-09 09:30:00
"210609_U004",2021-06-09 09:35:00
"210609_U005",2021-06-09 09:35:00
"210609_U006",2021-06-09 09:49:00
"210609_U007",2021-06-09 09:49:00
"210609_U008",2021-06-09 09:49:00
"210609_U009",2021-06-09 09:58:00
"210609_U010",2021-06-09 10:00:00
"210609_U011",2021-06-09 10:03:00
"210609_U012",2021-06-09 10:03:00
"210609_U013",2021-06-09 10:06:00
"210609_U014",2021-06-09 10:06:00
"210609_U015",2021-06-09 10:09:00
"210609_U016",2021-06-09 10:12:00
"210609_U017",2021-06-09 10:24:00
"210609_U018",2021-06-09 10:29:00
"210609_U019",2021-06-09 10:38:00
"210609_U020",2021-06-09 10:43:00
"210609_U021",2021-06-09 10:55:00
"210609_U022",2021-06-09 11:12:00
"210609_U023",2021-06-09 11:12:00
"210609_U024",2021-06-09 11:20:00
"210609_U025",2021-06-09 11:22:00
"210609_U026",2021-06-09 11:24:00
"210609_U027",2021-06-09 11:27:00
"210609_U028",2021-06-09 11:28:00
"210609_U029",2021-06-09 11:28:00
"210609_U030",2021-06-09 11:30:00
"210609_U031",2021-06-09 11:31:00
"210609_U032",2021-06-09 11:32:00
"210609_U033",2021-06-09 11:33:00
"210609_U034",2021-06-09 11:34:00
"210609_U035",2021-06-09 11:35:00
"210609_U036",2021-06-09 11:36:00
"210609_U037",2021-06-09 11:39:00
"210609_U038",2021-06-09 11:39:00
"210609_U039",2021-06-09 11:42:00
"210609_U040",2021-06-09 11:43:00
"210609_U041",2021-06-09 11:46:00
"210609_U042",2021-06-09 11:48:00
"210609_U043",2021-06-09 11:59:00
"210609_U044",2021-06-09 12:00:00
"210609_U045",2021-06-09 12:01:00
"210609_U046",2021-06-09 12:02:00
"210609_U047",2021-06-09 12:05:00
"210609_U048",2021-06-09 12:08:00
"210609_U049",2021-06-09 12:12:00
"210609_U050",2021-06-09 12:17:00
"210609_U051",2021-06-09 12:20:00
"210609_U052",2021-06-09 12:48:00
"210609_U053",2021-06-09 12:50:00
"210609_U054",2021-06-09 12:52:00
"210609_U055",2021-06-09 12:52:00
"210609_U056",2021-06-09 12:56:00
"210609_U057",2021-06-09 12:56:00
"210609_U058",2021-06-09 13:00:00
"210609_U059",2021-06-09 13:01:00
"210609_U060",2021-06-09 13:01:00
"210609_U061",2021-06-09 13:07:00
"210609_U062",2021-06-09 13:07:00
"210609_U063",2021-06-09 13:09:00
"210609_U064",2021-06-09 13:12:00
"210609_U065",2021-06-09 13:15:00
"210609_U066",2021-06-09 13:17:00
"210609_U067",2021-06-09 13:18:00
"210609_U068",2021-06-09 13:20:00
"210609_U069",2021-06-09 13:22:00
"210609_U070",2021-06-09 13:24:00
"210609_U071",2021-06-09 13:24:00
"210609_U072",2021-06-09 13:26:00
"210609_U073",2021-06-09 13:26:00
"210609_U074",2021-06-09 13:27:00
"210609_U075",2021-06-09 13:28:00
"210609_U076",2021-06-09 13:28:00
"210609_U077",2021-06-09 13:30:00
"210609_U078",2021-06-09 13:31:00
"210609_U079",2021-06-09 13:34:00
"210609_U080",2021-06-09 13:37:00
"210609_U081",2021-06-09 13:41:00
"210609_U082",2021-06-09 13:48:00
"210609_U083",2021-06-09 13:57:00
"210609_U084",2021-06-09 14:04:00
"210609_U085",2021-06-09 14:04:00
"210609_U086",2021-06-09 14:09:00
"210609_U087",2021-06-09 14:17:00
"210609_U088",2021-06-09 14:20:00
"210609_U089",2021-06-09 14:21:00
"210609_U090",2021-06-09 14:31:00
"210609_U091",2021-06-09 14:31:00
"210609_U092",2021-06-09 14:32:00
"210609_U093",2021-06-09 14:32:00
"210609_U094",2021-06-09 14:34:00
"210609_U095",2021-06-09 14:34:00
"210609_U096",2021-06-09 14:36:00
"210609_U097",2021-06-09 14:37:00
"210609_U098",2021-06-09 14:41:00
"210609_U099",2021-06-09 14:41:00
"210609_U100",2021-06-09 14:44:00
"210609_U101",2021-06-09 14:45:00
"210609_U102",2021-06-09 14:45:00
"210609_U103",2021-06-09 15:18:00
"210609_U104",2021-06-09 15:18:00
"210609_U105",2021-06-09 15:22:00
"210609_U106",2021-06-09 15:22:00
"210609_U107",2021-06-09 15:29:00
"210609_U108",2021-06-09 15:30:00
"210609_U109",2021-06-09 15:31:00
"210609_U110",2021-06-09 15:41:00
"210609_U111",2021-06-09 15:43:00
"210609_U112",2021-06-09 15:43:00
"210609_U113",2021-06-09 15:44:00
"210609_U114",2021-06-09 15:46:00
"210609_U115",2021-06-09 15:49:00
"210609_U116",2021-06-09 15:52:00
"210609_U117",2021-06-09 15:53:00
"210609_U118",2021-06-09 15:54:00
"210609_U119",2021-06-09 15:56:00
"210609_U120",2021-06-09 15:58:00
"210609_U121",2021-06-09 16:00:00
"210609_U122",2021-06-09 16:11:00
"210609_U123",2021-06-09 16:11:00
"210609_U124",2021-06-09 16:37:00
"210609_U125",2021-06-09 16:42:00
"210609_U126",2021-06-09 16:42:00
"210609_U127",2021-06-09 16:52:00
"210609_U128",2021-06-09 16:53:00
"210609_U129",2021-06-09 16:54:00
"210609_U130",2021-06-09 16:57:00
"210609_U131",2021-06-09 17:05:00
"210609_U132",2021-06-09 17:07:00
"210609_U133",2021-06-09 17:08:00
"210609_U134",2021-06-09 17:09:00
"210609_U135",2021-06-09 17:10:00
"210609_U136",2021-06-09 17:11:00
"210609_U137",2021-06-09 17:12:00
"210609_U138",2021-06-09 17:13:00
"210609_U139",2021-06-09 17:14:00
"210609_U140",2021-06-09 17:16:00
"210609_U141",2021-06-09 17:17:00
"210609_U142",2021-06-09 17:18:00
"210609_U143",2021-06-09 17:19:00
"210609_U144",2021-06-09 17:20:00
"210609_U145",2021-06-09 17:22:00
"210609_U146",2021-06-09 17:23:00
"210609_U147",2021-06-09 17:30:00
"210609_U148",2021-06-09 17:30:00
"210609_U149",2021-06-09 17:47:00
"210609_U150",2021-06-09 17:47:00
"210609_U151",2021-06-09 17:47:00
"210609_U152",2021-06-09 18:04:00
"210609_U153",2021-06-09 18:05:00
"210609_U154",2021-06-09 18:07:00
"210609_U155",2021-06-09 18:09:00
"210609_U156",2021-06-09 18:11:00
"210609_U157",2021-06-09 18:25:00
"210609_U158",2021-06-09 18:28:00
"210609_U159",2021-06-09 18:28:00
"210609_U160",2021-06-09 18:29:00
"210609_U161",2021-06-09 18:31:00
"210609_U162",2021-06-09 18:33:00
"210609_U163",2021-06-09 19:03:00
"210609_U164",2021-06-09 19:04:00
"210609_U165",2021-06-09 19:16:00
"210609_U166",2021-06-09 19:26:00
"210609_U167",2021-06-09 19:33:00
"210609_U168",2021-06-09 19:33:00
"210609_U169",2021-06-09 19:34:00
"210609_U170",2021-06-09 19:34:00
"210609_U171",2021-06-09 19:40:00
"210609_U172",2021-06-09 20:13:00
"210609_U173",2021-06-09 20:13:00
"210609_U174",2021-06-09 20:14:00
"210609_U175",2021-06-09 20:15:00
"210609_U176",2021-06-09 20:16:00
"210609_U177",2021-06-09 20:17:00
"210609_U178",2021-06-09 20:17:00
"210609_U179",2021-06-09 20:19:00
"210609_U180",2021-06-09 20:20:00
"210609_U181",2021-06-09 20:21:00
"210609_U182",2021-06-09 20:22:00
"210609_U183",2021-06-09 20:23:00
"210609_U184",2021-06-09 20:23:00
"210609_U185",2021-06-09 20:24:00
"210609_U186",2021-06-09 20:25:00
"210609_U187",2021-06-09 20:26:00
"210609_U188",2021-06-09 20:27:00
"210609_U189",2021-06-09 20:28:00
"210609_U190",2021-06-09 20:29:00
"210609_U191",2021-06-09 20:31:00
"210609_U192",2021-06-09 20:32:00
"210609_U193",2021-06-09 20:33:00
"210609_U194",2021-06-09 20:34:00
"210609_U195",2021-06-09 20:36:00
"210609_U196",2021-06-09 20:37:00
"210609_U197",2021-06-09 20:39:00
"210609_U198",2021-06-09 20:39:00
"210609_U199",2021-06-09 20:42:00
"210609_U200",2021-06-09 21:02:00
"210609_U201",2021-06-09 21:04:00
"210609_U202",2021-06-09 21:07:00
"210609_U203",2021-06-09 21:08:00
"210609_U204",2021-06-09 21:10:00
"210609_U205",2021-06-09 21:12:00
"210609_U206",2021-06-09 21:15:00
"210609_U207",2021-06-09 21:16:00
"210609_U208",2021-06-09 21:17:00
"210609_U209",2021-06-09 21:19:00
"210609_U210",2021-06-09 21:19:00
"210609_U211",2021-06-09 21:20:00
"210609_U212",2021-06-09 21:21:00
"210609_U213",2021-06-09 21:22:00
"210609_U214",2021-06-09 21:22:00
"210609_U215",2021-06-09 21:24:00
"210609_U216",2021-06-09 21:25:00
"210609_U217",2021-06-09 21:26:00
"210609_U218",2021-06-09 21:27:00
"210609_U219",2021-06-09 21:28:00
"210609_U220",2021-06-09 21:29:00
"210609_U221",2021-06-09 21:30:00
"210609_U222",2021-06-09 21:32:00
"210609_U223",2021-06-09 21:33:00
"210609_U224",2021-06-09 21:34:00
"210609_U225",2021-06-09 21:35:00
"210609_U226",2021-06-09 21:37:00
"210609_U227",2021-06-09 21:39:00
"210609_U228",2021-06-09 21:41:00
"210609_U229",2021-06-09 21:42:00
"210609_U230",2021-06-09 21:42:00
"210609_U231",2021-06-09 21:42:00
"210609_U232",2021-06-09 21:44:00
"210609_U233",2021-06-09 21:46:00
"210609_U234",2021-06-09 21:48:00
"210609_U235",2021-06-09 21:50:00
"210609_U236",2021-06-09 21:53:00
"210609_U237",2021-06-09 22:07:00
"210609_U238",2021-06-09 22:12:00
"210609_U239",2021-06-09 22:16:00
"210609_U240",2021-06-09 22:20:00
"210609_U241",2021-06-09 22:23:00
"210609_U242",2021-06-09 22:39:00
"210609_U243",2021-06-09 22:47:00
"210609_U244",2021-06-09 22:52:00
"210609_U245",2021-06-09 22:57:00
"210609_U246",2021-06-09 22:59:00
"210609_U247",2021-06-09 23:12:00
"210609_U248",2021-06-09 23:24:00
"210609_U249",2021-06-09 23:32:00
"210609_U250",2021-06-09 23:36:00
"210609_U251",2021-06-09 23:50:00
"210609_U252",2021-06-09 23:51:00
"210609_U253",2021-06-09 23:53:00
"210609_U254",2021-06-09 23:53:00
"210610_U001",2021-06-10 07:28:00
"210610_U002",2021-06-10 08:14:00
"210610_U003",2021-06-10 08:54:00
"210610_U004",2021-06-10 08:56:00
"210610_U005",2021-06-10 08:57:00
"210610_U006",2021-06-10 09:02:00
"210610_U007",2021-06-10 09:06:00
"210610_U008",2021-06-10 09:11:00
"210610_U009",2021-06-10 09:22:00
"210610_U010",2021-06-10 09:22:00
"210610_U011",2021-06-10 09:22:00
"210610_U012",2021-06-10 09:25:00
"210610_U013",2021-06-10 09:29:00
"210610_U014",2021-06-10 09:31:00
"210610_U015",2021-06-10 09:33:00
"210610_U016",2021-06-10 09:35:00
"210610_U017",2021-06-10 09:35:00
"210610_U018",2021-06-10 09:37:00
"210610_U019",2021-06-10 09:39:00
"210610_U020",2021-06-10 09:43:00
"210610_U021",2021-06-10 09:44:00
"210610_U022",2021-06-10 09:46:00
"210610_U023",2021-06-10 09:49:00
"210610_U024",2021-06-10 09:50:00
"210610_U025",2021-06-10 09:50:00
"210610_U026",2021-06-10 09:52:00
"210610_U027",2021-06-10 09:54:00
"210610_U028",2021-06-10 09:54:00
"210610_U029",2021-06-10 09:54:00
"210610_U030",2021-06-10 09:57:00
"210610_U031",2021-06-10 09:58:00
"210610_U032",2021-06-10 10:01:00
"210610_U033",2021-06-10 10:02:00
"210610_U034",2021-06-10 10:05:00
"210610_U035",2021-06-10 10:05:00
"210610_U036",2021-06-10 10:07:00
"210610_U037",2021-06-10 10:08:00
"210610_U038",2021-06-10 10:10:00
"210610_U039",2021-06-10 10:12:00
"210610_U040",2021-06-10 10:13:00
"210610_U041",2021-06-10 10:13:00
"210610_U042",2021-06-10 10:14:00
"210610_U043",2021-06-10 10:15:00
"210610_U044",2021-06-10 10:15:00
"210610_U045",2021-06-10 10:17:00
"210610_U046",2021-06-10 10:19:00
"210610_U047",2021-06-10 10:21:00
"210610_U048",2021-06-10 10:22:00
"210610_U049",2021-06-10 10:27:00
"210610_U050",2021-06-10 10:31:00
"210610_U051",2021-06-10 10:35:00
"210610_U052",2021-06-10 10:38:00
"210610_U053",2021-06-10 10:41:00
"210610_U054",2021-06-10 10:43:00
"210610_U055",2021-06-10 10:45:00
"210610_U056",2021-06-10 10:45:00
"210610_U057",2021-06-10 10:47:00
"210610_U058",2021-06-10 10:47:00
"210610_U059",2021-06-10 10:50:00
"210610_U060",2021-06-10 10:51:00
"210610_U061",2021-06-10 10:51:00
"210610_U062",2021-06-10 10:52:00
"210610_U063",2021-06-10 10:53:00
"210610_U064",2021-06-10 10:53:00
"210610_U065",2021-06-10 10:54:00
"210610_U066",2021-06-10 10:56:00
"210610_U067",2021-06-10 10:57:00
"210610_U068",2021-06-10 10:58:00
"210610_U069",2021-06-10 10:59:00
"210610_U070",2021-06-10 11:01:00
"210610_U071",2021-06-10 11:01:00
"210610_U072",2021-06-10 11:03:00
"210610_U073",2021-06-10 11:07:00
"210610_U074",2021-06-10 11:10:00
"210610_U075",2021-06-10 11:12:00
"210610_U076",2021-06-10 11:14:00
"210610_U077",2021-06-10 11:15:00
"210610_U078",2021-06-10 11:15:00
"210610_U079",2021-06-10 11:16:00
"210610_U080",2021-06-10 11:18:00
"210610_U081",2021-06-10 11:20:00
"210610_U082",2021-06-10 11:22:00
"210610_U083",2021-06-10 11:25:00
"210610_U084",2021-06-10 11:29:00
"210610_U085",2021-06-10 11:31:00
"210610_U086",2021-06-10 11:31:00
"210610_U087",2021-06-10 11:34:00
"210610_U088",2021-06-10 11:35:00
"210610_U089",2021-06-10 11:36:00
"210610_U090",2021-06-10 11:37:00
"210610_U091",2021-06-10 11:38:00
"210610_U092",2021-06-10 11:39:00
"210610_U093",2021-06-10 11:40:00
"210610_U094",2021-06-10 11:43:00
"210610_U095",2021-06-10 11:47:00
"210610_U096",2021-06-10 11:47:00
"210610_U097",2021-06-10 11:49:00
"210610_U098",2021-06-10 11:51:00
"210610_U099",2021-06-10 11:52:00
"210610_U100",2021-06-10 11:53:00
"210610_U101",2021-06-10 11:53:00
"210610_U102",2021-06-10 11:54:00
"210610_U103",2021-06-10 11:56:00
"210610_U104",2021-06-10 11:56:00
"210610_U105",2021-06-10 11:58:00
"210610_U106",2021-06-10 12:00:00
"210610_U107",2021-06-10 12:01:00
"210610_U108",2021-06-10 12:04:00
"210610_U109",2021-06-10 12:06:00
"210610_U110",2021-06-10 12:07:00
"210610_U111",2021-06-10 12:08:00
"210610_U112",2021-06-10 12:09:00
"210610_U113",2021-06-10 12:10:00
"210610_U114",2021-06-10 12:13:00
"210610_U115",2021-06-10 12:26:00
"210610_U116",2021-06-10 12:28:00
"210610_U117",2021-06-10 12:30:00
"210610_U118",2021-06-10 12:31:00
"210610_U119",2021-06-10 12:36:00
"210610_U120",2021-06-10 12:40:00
"210610_U121",2021-06-10 12:46:00
"210610_U122",2021-06-10 12:46:00
"210610_U123",2021-06-10 12:46:00
"210610_U124",2021-06-10 12:46:00
"210610_U125",2021-06-10 12:48:00
"210610_U126",2021-06-10 12:49:00
"210610_U127",2021-06-10 12:51:00
"210610_U128",2021-06-10 12:58:00
"210610_U129",2021-06-10 12:58:00
"210610_U130",2021-06-10 13:00:00
"210610_U131",2021-06-10 13:02:00
"210610_U132",2021-06-10 13:02:00
"210610_U133",2021-06-10 13:04:00
"210610_U134",2021-06-10 13:04:00
"210610_U135",2021-06-10 13:07:00
"210610_U136",2021-06-10 13:15:00
"210610_U137",2021-06-10 13:15:00
"210610_U138",2021-06-10 13:18:00
"210610_U139",2021-06-10 13:21:00
"210610_U140",2021-06-10 13:23:00
"210610_U141",2021-06-10 13:25:00
"210610_U142",2021-06-10 13:27:00
"210610_U143",2021-06-10 13:27:00
"210610_U144",2021-06-10 13:29:00
"210610_U145",2021-06-10 13:29:00
"210610_U146",2021-06-10 13:31:00
"210610_U147",2021-06-10 13:33:00
"210610_U148",2021-06-10 13:34:00
"210610_U149",2021-06-10 13:36:00
"210610_U150",2021-06-10 13:37:00
"210610_U151",2021-06-10 13:39:00
"210610_U152",2021-06-10 13:41:00
"210610_U153",2021-06-10 13:41:00
"210610_U154",2021-06-10 13:42:00
"210610_U155",2021-06-10 13:42:00
"210610_U156",2021-06-10 13:44:00
"210610_U157",2021-06-10 13:45:00
"210610_U158",2021-06-10 13:46:00
"210610_U159",2021-06-10 13:46:00
"210610_U160",2021-06-10 13:47:00
"210610_U161",2021-06-10 13:52:00
"210610_U162",2021-06-10 13:53:00
"210610_U163",2021-06-10 13:53:00
"210610_U164",2021-06-10 13:54:00
"210610_U165",2021-06-10 14:02:00
"210610_U166",2021-06-10 14:04:00
"210610_U167",2021-06-10 14:04:00
"210610_U168",2021-06-10 14:09:00
"210610_U169",2021-06-10 14:10:00
"210610_U170",2021-06-10 14:12:00
"210610_U171",2021-06-10 14:13:00
"210610_U172",2021-06-10 14:18:00
"210610_U173",2021-06-10 14:20:00
"210610_U174",2021-06-10 14:21:00
"210610_U175",2021-06-10 14:22:00
"210610_U176",2021-06-10 14:24:00
"210610_U177",2021-06-10 14:26:00
"210610_U178",2021-06-10 14:27:00
"210610_U179",2021-06-10 14:27:00
"210610_U180",2021-06-10 14:27:00
"210610_U181",2021-06-10 14:29:00
"210610_U182",2021-06-10 14:29:00
"210610_U183",2021-06-10 14:30:00
"210610_U184",2021-06-10 14:31:00
"210610_U185",2021-06-10 14:31:00
"210610_U186",2021-06-10 14:31:00
"210610_U187",2021-06-10 14:32:00
"210610_U188",2021-06-10 14:34:00
"210610_U189",2021-06-10 14:36:00
"210610_U190",2021-06-10 14:37:00
"210610_U191",2021-06-10 14:38:00
"210610_U192",2021-06-10 14:41:00
"210610_U193",2021-06-10 14:42:00
"210610_U194",2021-06-10 14:43:00
"210610_U195",2021-06-10 14:45:00
"210610_U196",2021-06-10 14:46:00
"210610_U197",2021-06-10 14:46:00
"210610_U198",2021-06-10 14:47:00
"210610_U199",2021-06-10 14:47:00
"210610_U200",2021-06-10 14:49:00
"210610_U201",2021-06-10 14:52:00
"210610_U202",2021-06-10 14:53:00
"210610_U203",2021-06-10 14:56:00
"210610_U204",2021-06-10 15:01:00
"210610_U205",2021-06-10 15:02:00
"210610_U206",2021-06-10 15:02:00
"210610_U207",2021-06-10 15:05:00
"210610_U208",2021-06-10 15:06:00
"210610_U209",2021-06-10 15:07:00
"210610_U210",2021-06-10 15:12:00
"210610_U211",2021-06-10 15:13:00
"210610_U212",2021-06-10 15:14:00
"210610_U213",2021-06-10 15:17:00
"210610_U214",2021-06-10 15:18:00
"210610_U215",2021-06-10 15:21:00
"210610_U216",2021-06-10 15:22:00
"210610_U217",2021-06-10 15:23:00
"210610_U218",2021-06-10 15:23:00
"210610_U219",2021-06-10 15:23:00
"210610_U220",2021-06-10 15:25:00
"210610_U221",2021-06-10 15:26:00
"210610_U222",2021-06-10 15:28:00
"210610_U223",2021-06-10 15:28:00
"210610_U224",2021-06-10 15:28:00
"210610_U225",2021-06-10 15:29:00
"210610_U226",2021-06-10 15:29:00
"210610_U227",2021-06-10 15:30:00
"210610_U228",2021-06-10 15:35:00
"210610_U229",2021-06-10 15:35:00
"210610_U230",2021-06-10 15:39:00
"210610_U231",2021-06-10 15:48:00
"210610_U232",2021-06-10 15:52:00
"210610_U233",2021-06-10 15:53:00
"210610_U234",2021-06-10 15:54:00
"210610_U235",2021-06-10 15:55:00
"210610_U236",2021-06-10 15:55:00
"210610_U237",2021-06-10 15:56:00
"210610_U238",2021-06-10 15:57:00
"210610_U239",2021-06-10 15:57:00
"210610_U240",2021-06-10 15:59:00
"210610_U241",2021-06-10 15:59:00
"210610_U242",2021-06-10 16:01:00
"210610_U243",2021-06-10 16:02:00
"210610_U244",2021-06-10 16:06:00
"210610_U245",2021-06-10 16:08:00
"210610_U246",2021-06-10 16:09:00
"210610_U247",2021-06-10 16:09:00
"210610_U248",2021-06-10 16:12:00
"210610_U249",2021-06-10 16:15:00
"210610_U250",2021-06-10 16:17:00
"210610_U251",2021-06-10 16:19:00
"210610_U252",2021-06-10 16:21:00
"210610_U253",2021-06-10 16:22:00
"210610_U254",2021-06-10 16:22:00
"210610_U255",2021-06-10 16:22:00
"210610_U256",2021-06-10 16:24:00
"210610_U257",2021-06-10 16:26:00
"210610_U258",2021-06-10 16:32:00
"210610_U259",2021-06-10 16:33:00
"210610_U260",2021-06-10 16:34:00
"210610_U261",2021-06-10 16:36:00
"210610_U262",2021-06-10 16:39:00
"210610_U263",2021-06-10 16:44:00
"210610_U264",2021-06-10 17:03:00
"210610_U265",2021-06-10 17:05:00
"210610_U266",2021-06-10 17:07:00
"210610_U267",2021-06-10 17:10:00
"210610_U268",2021-06-10 17:11:00
"210610_U269",2021-06-10 17:11:00
"210610_U270",2021-06-10 17:11:00
"210610_U271",2021-06-10 17:13:00
"210610_U272",2021-06-10 17:15:00
"210610_U273",2021-06-10 17:16:00
"210610_U274",2021-06-10 17:23:00
"210610_U275",2021-06-10 17:32:00
"210610_U276",2021-06-10 17:34:00
"210610_U277",2021-06-10 17:34:00
"210610_U278",2021-06-10 17:36:00
"210610_U279",2021-06-10 17:47:00
"210610_U280",2021-06-10 17:56:00
"210610_U281",2021-06-10 17:57:00
"210610_U282",2021-06-10 18:04:00
"210610_U283",2021-06-10 18:04:00
"210610_U284",2021-06-10 18:04:00
"210610_U285",2021-06-10 18:06:00
"210610_U286",2021-06-10 18:07:00
"210610_U287",2021-06-10 18:08:00
"210610_U288",2021-06-10 18:08:00
"210610_U289",2021-06-10 18:09:00
"210610_U290",2021-06-10 18:11:00
"210610_U291",2021-06-10 18:16:00
"210610_U292",2021-06-10 18:16:00
"210610_U293",2021-06-10 18:16:00
"210610_U294",2021-06-10 18:17:00
"210610_U295",2021-06-10 18:19:00
"210610_U296",2021-06-10 18:20:00
"210610_U297",2021-06-10 18:21:00
"210610_U298",2021-06-10 18:23:00
"210610_U299",2021-06-10 18:26:00
"210610_U300",2021-06-10 18:28:00
"210610_U301",2021-06-10 18:58:00
"210610_U302",2021-06-10 19:27:00
"210610_U303",2021-06-10 19:30:00
"210610_U304",2021-06-10 19:36:00
"210610_U305",2021-06-10 19:40:00
"210610_U306",2021-06-10 19:43:00
"210610_U307",2021-06-10 19:43:00
"210610_U308",2021-06-10 21:35:00
"210610_U309",2021-06-10 21:35:00
"210610_U310",2021-06-10 21:38:00
"210610_U311",2021-06-10 21:38:00
"210610_U312",2021-06-10 21:38:00
"210610_U313",2021-06-10 21:57:00
"210610_U314",2021-06-10 21:59:00
"210610_U315",2021-06-10 22:16:00
"210610_U316",2021-06-10 22:17:00
"210610_U317",2021-06-10 22:23:00
"210610_U318",2021-06-10 22:25:00
"210610_U319",2021-06-10 22:26:00
"210610_U320",2021-06-10 22:36:00
"210610_U321",2021-06-10 22:47:00
"210610_U322",2021-06-10 23:13:00
"210610_U323",2021-06-10 23:21:00
"210610_U324",2021-06-10 23:25:00
"210610_U325",2021-06-10 23:47:00
"210610_U326",2021-06-10 23:47:00
"210610_U327",2021-06-10 23:50:00
"210611_U001",2021-06-11 08:48:00
"210611_U002",2021-06-11 08:50:00
"210611_U003",2021-06-11 08:58:00
"210611_U004",2021-06-11 08:58:00
"210611_U005",2021-06-11 09:03:00
"210611_U006",2021-06-11 09:03:00
"210611_U007",2021-06-11 09:06:00
"210611_U008",2021-06-11 09:06:00
"210611_U009",2021-06-11 09:09:00
"210611_U010",2021-06-11 09:18:00
"210611_U011",2021-06-11 09:26:00
"210611_U012",2021-06-11 09:29:00
"210611_U013",2021-06-11 09:41:00
"210611_U014",2021-06-11 09:52:00
"210611_U015",2021-06-11 09:52:00
"210611_U016",2021-06-11 09:52:00
"210611_U017",2021-06-11 09:59:00
"210611_U018",2021-06-11 10:03:00
"210611_U019",2021-06-11 10:03:00
"210611_U020",2021-06-11 10:03:00
"210611_U021",2021-06-11 10:06:00
"210611_U022",2021-06-11 10:06:00
"210611_U023",2021-06-11 10:08:00
"210611_U024",2021-06-11 10:16:00
"210611_U025",2021-06-11 10:17:00
"210611_U026",2021-06-11 10:18:00
"210611_U027",2021-06-11 10:19:00
"210611_U028",2021-06-11 10:19:00
"210611_U029",2021-06-11 10:20:00
"210611_U030",2021-06-11 10:20:00
"210611_U031",2021-06-11 10:21:00
"210611_U032",2021-06-11 10:24:00
"210611_U033",2021-06-11 10:26:00
"210611_U034",2021-06-11 10:28:00
"210611_U035",2021-06-11 10:29:00
"210611_U036",2021-06-11 10:29:00
"210611_U037",2021-06-11 10:31:00
"210611_U038",2021-06-11 10:32:00
"210611_U039",2021-06-11 10:33:00
"210611_U040",2021-06-11 10:33:00
"210611_U041",2021-06-11 10:37:00
"210611_U042",2021-06-11 10:51:00
"210611_U043",2021-06-11 10:59:00
"210611_U044",2021-06-11 11:09:00
"210611_U045",2021-06-11 11:12:00
"210611_U046",2021-06-11 11:16:00
"210611_U047",2021-06-11 11:16:00
"210611_U048",2021-06-11 11:17:00
"210611_U049",2021-06-11 11:17:00
"210611_U050",2021-06-11 11:17:00
"210611_U051",2021-06-11 11:18:00
"210611_U052",2021-06-11 11:19:00
"210611_U053",2021-06-11 11:20:00
"210611_U054",2021-06-11 11:20:00
"210611_U055",2021-06-11 11:21:00
"210611_U056",2021-06-11 11:22:00
"210611_U057",2021-06-11 11:24:00
"210611_U058",2021-06-11 11:25:00
"210611_U059",2021-06-11 11:27:00
"210611_U060",2021-06-11 11:54:00
"210611_U061",2021-06-11 12:02:00
"210611_U062",2021-06-11 12:15:00
"210611_U063",2021-06-11 12:18:00
"210611_U064",2021-06-11 12:18:00
"210611_U065",2021-06-11 12:20:00
"210611_U066",2021-06-11 12:21:00
"210611_U067",2021-06-11 12:22:00
"210611_U068",2021-06-11 12:24:00
"210611_U069",2021-06-11 12:27:00
"210611_U070",2021-06-11 12:27:00
"210611_U071",2021-06-11 12:32:00
"210611_U072",2021-06-11 12:37:00
"210611_U073",2021-06-11 12:38:00
"210611_U074",2021-06-11 12:43:00
"210611_U075",2021-06-11 12:47:00
"210611_U076",2021-06-11 12:52:00
"210611_U077",2021-06-11 12:59:00
"210611_U078",2021-06-11 13:03:00
"210611_U079",2021-06-11 13:04:00
"210611_U080",2021-06-11 13:05:00
"210611_U081",2021-06-11 13:07:00
"210611_U082",2021-06-11 13:08:00
"210611_U083",2021-06-11 13:10:00
"210611_U084",2021-06-11 13:11:00
"210611_U085",2021-06-11 13:13:00
"210611_U086",2021-06-11 13:15:00
"210611_U087",2021-06-11 13:17:00
"210611_U088",2021-06-11 13:19:00
"210611_U089",2021-06-11 13:23:00
"210611_U090",2021-06-11 13:33:00
"210611_U091",2021-06-11 13:36:00
"210611_U092",2021-06-11 13:36:00
"210611_U093",2021-06-11 13:37:00
"210611_U094",2021-06-11 13:39:00
"210611_U095",2021-06-11 14:47:00
"210611_U096",2021-06-11 20:30:00
"210612_U001",2021-06-12 12:13:00
"210612_U002",2021-06-12 12:14:00
"210612_U003",2021-06-12 13:08:00
"210612_U004",2021-06-12 13:08:00
"210612_U005",2021-06-12 15:06:00
"210612_U006",2021-06-12 15:06:00
"210612_U007",2021-06-12 15:07:00
"210612_U008",2021-06-12 15:09:00
"210612_U009",2021-06-12 15:10:00
"210612_U010",2021-06-12 15:10:00
"210612_U011",2021-06-12 16:11:00
"210612_U012",2021-06-12 16:58:00
"210612_U013",2021-06-12 18:58:00
