"Date","ID","LSeq24","OshaDose","OshaTWA","OshaAction","NioshDose","NioshTWA","NioshLimit"
2020-12-13,"20B_SG",45.9529839686612,0.5,51.7798917720213,FALSE,0,-Inf,FALSE
2020-12-14,"20B_SG",66.3822473590013,1.3,58.6725990818166,FALSE,4.2,71.232492903979,FALSE
2020-12-15,"20B_SG",77.0376982821318,13.1,75.3378762208422,FALSE,48.3,81.8394713075151,FALSE
2020-12-16,"20B_SG",76.6372656233949,13.1,75.3378762208422,FALSE,44,81.4345267648619,FALSE
2020-12-17,"20B_SG",73.6389021435329,12.4,74.9417341905447,FALSE,22,78.4242268082221,FALSE
2020-12-18,"20B_SG",54.9695867151687,1.8,61.0200763097659,FALSE,0.3,59.7712125471966,FALSE
2020-12-19,"20B_SG",50.400841213739,0.9,56.0199680817872,FALSE,0.1,55,FALSE
2021-03-28,"20B_SG",57.5190810739971,2.3,62.7882993562522,FALSE,0.5,61.9897000433602,FALSE
2021-03-29,"20B_SG",68.2209125615667,5.2,68.672815537774,FALSE,6.3,72.9934054945358,FALSE
2021-03-30,"20B_SG",62.6365994987661,2,61.7801082279787,FALSE,1.7,67.3044892137827,FALSE
2021-03-31,"20B_SG",63.4356835489683,2.1,62.1320624855304,FALSE,2.1,68.2221929473392,FALSE
2021-04-02,"20B_SG",46.7362019989855,0.5,51.7798917720213,FALSE,0,-Inf,FALSE
2021-04-03,"20B_SG",48.2610692906922,0.6,53.0950922688723,FALSE,0.1,55,FALSE
2021-06-06,"20B_SG",46.7363371027774,0.5,51.7798917720213,FALSE,0,-Inf,FALSE
2021-06-07,"20B_SG",65.974918322948,3.2,65.1705411398936,FALSE,3.7,70.6820172406699,FALSE
2021-06-08,"20B_SG",66.008130284613,3.7,66.2178306367528,FALSE,3.8,70.7978359661681,FALSE
2021-06-09,"20B_SG",67.1965082609865,4.3,67.3019110471769,FALSE,5,71.9897000433602,FALSE
2021-06-10,"20B_SG",69.1719202081309,5.9,69.583851913376,FALSE,7.8,73.9209460269048,FALSE
2021-06-11,"20B_SG",48.7402079995959,0.7,54.2070784446368,FALSE,0.1,55,FALSE
2021-06-12,"20B_SG",46.6903641180999,0.5,51.7798917720213,FALSE,0,-Inf,FALSE
2021-08-08,"20B_SG",42.2842605795255,0.3,48.0949840408936,FALSE,0,-Inf,FALSE
2021-08-09,"20B_SG",67.205883712796,3.8,66.4102055398052,FALSE,5,71.9897000433602,FALSE
2021-08-10,"20B_SG",69.1293249995106,5,68.3898917720213,FALSE,7.8,73.9209460269048,FALSE
2021-08-11,"20B_SG",45.7051198365163,0.4,50.1702164559575,FALSE,0,-Inf,FALSE
2021-08-12,"20B_SG",65.721743391263,2.9,64.4604307451017,FALSE,3.5,70.4406804435028,FALSE
2021-08-13,"20B_SG",42.228502172999,0.3,48.0949840408936,FALSE,0,-Inf,FALSE
2021-08-14,"20B_SG",42.1901493779928,0.3,48.0949840408936,FALSE,0,-Inf,FALSE
2020-12-13,"24A_B",50.1220507739288,0.7,54.2070784446368,FALSE,0.1,55,FALSE
2020-12-14,"24A_B",53.9193263852093,0.9,56.0199680817872,FALSE,0.2,58.0102999566398,FALSE
2020-12-15,"24A_B",62.1924792033354,3.8,66.4102055398052,FALSE,1.6,67.0411998265593,FALSE
2020-12-16,"24A_B",63.7603119509949,4,66.7802164559575,FALSE,2.2,68.4242268082221,FALSE
2020-12-17,"24A_B",84.5702726194856,38.4,83.0957416367447,FALSE,275.3,89.3980621139333,TRUE
2020-12-18,"24A_B",61.1420128533023,3.9,66.5975831227101,FALSE,1.2,65.7918124604763,FALSE
2020-12-19,"24A_B",56.5312310955129,1.6,60.1704329119149,FALSE,0.4,61.0205999132796,FALSE
2021-03-28,"24A_B",62.096432141467,3.6,66.0201845377446,FALSE,1.5,66.7609125905568,FALSE
2021-03-29,"24A_B",83.0209843050542,21.1,78.7763315824947,FALSE,193.1,87.857822737794,TRUE
2021-03-30,"24A_B",77.9185878376721,7.6,71.4103137677839,FALSE,59.6,82.7524625974024,FALSE
2021-03-31,"24A_B",78.1362745357668,7.7,71.5046109451149,FALSE,62.7,82.9726754083072,FALSE
2021-04-01,"24A_B",81.1892210784021,15.4,76.5047191730936,FALSE,126.5,86.0209052551184,TRUE
2021-04-02,"24A_B",48.1039169928263,0.6,53.0950922688723,FALSE,0.1,55,FALSE
2021-04-03,"24A_B",46.8317859666267,0.6,53.0950922688723,FALSE,0,-Inf,FALSE
2021-06-06,"24A_B",51.848532222019,0.6,53.0950922688723,FALSE,0.1,55,FALSE
2021-06-07,"24A_B",80.3681732158825,12.8,75.1707575958511,FALSE,104.8,85.2036128264771,TRUE
2021-06-08,"24A_B",81.9569519616859,18.3,77.7493126004224,FALSE,151,86.7897694729317,TRUE
2021-06-09,"24A_B",82.0658451593216,18.3,77.7493126004224,FALSE,154.9,86.9005141775921,TRUE
2021-06-10,"24A_B",82.909850178543,25.3,80.0858318567303,FALSE,187.9,87.7392678010053,TRUE
2021-06-11,"24A_B",51.2145193102212,1,56.78,FALSE,0.1,55,FALSE
2021-06-12,"24A_B",46.8517377958159,0.6,53.0950922688723,FALSE,0,-Inf,FALSE
2021-08-09,"24A_B",81.2225028532603,16.9,77.1751981636331,FALSE,127.5,86.0551018476997,TRUE
2021-08-10,"24A_B",82.8458062343532,21.3,78.8443852131174,FALSE,185.4,87.6810972980848,TRUE
2021-08-11,"24A_B",55.606564514015,1.8,61.0200763097659,FALSE,0.3,59.7712125471966,FALSE
2021-08-12,"24A_B",81.1506647011344,15.2,76.4104219957627,FALSE,125.4,85.982975364947,TRUE
2021-08-13,"24A_B",43.6380653410757,0.3,48.0949840408936,FALSE,0,-Inf,FALSE
2021-08-14,"24A_B",42.411119672013,0.3,48.0949840408936,FALSE,0,-Inf,FALSE
2020-12-13,"25B_T",43.1815120401173,0.4,50.1702164559575,FALSE,0,-Inf,FALSE
2020-12-14,"25B_T",56.2425209110654,0.4,50.1702164559575,FALSE,0.4,61.0205999132796,FALSE
2020-12-15,"25B_T",83.0522867484426,20.8,78.6730319937315,FALSE,194.4,87.8869626059026,TRUE
2020-12-16,"25B_T",74.5141873681136,5.1,68.5327406249867,FALSE,27.2,79.345689040342,FALSE
2020-12-17,"25B_T",62.6553894771367,3,64.7049840408936,FALSE,1.7,67.3044892137827,FALSE
2020-12-18,"25B_T",50.6706241864803,1,56.78,FALSE,0.1,55,FALSE
2020-12-19,"25B_T",48.7294387511826,0.7,54.2070784446368,FALSE,0.1,55,FALSE
2021-03-28,"25B_T",54.6114425710367,1.8,61.0200763097659,FALSE,0.3,59.7712125471966,FALSE
2021-03-29,"25B_T",54.7673966699312,1.6,60.1704329119149,FALSE,0.3,59.7712125471966,FALSE
2021-03-30,"25B_T",53.8326698902835,1.2,58.095200496851,FALSE,0.2,58.0102999566398,FALSE
2021-03-31,"25B_T",51.8168813291926,1,56.78,FALSE,0.1,55,FALSE
2021-04-01,"25B_T",57.7084439018537,1.3,58.6725990818166,FALSE,0.6,62.7815125038364,FALSE
2021-04-02,"25B_T",51.4555231871582,0.9,56.0199680817872,FALSE,0.1,55,FALSE
2021-04-03,"25B_T",52.2787194429169,1,56.78,FALSE,0.2,58.0102999566398,FALSE
2021-06-06,"25B_T",44.5480161722096,0.4,50.1702164559575,FALSE,0,-Inf,FALSE
2021-06-07,"25B_T",53.9178893464757,0.8,55.1703246839362,FALSE,0.2,58.0102999566398,FALSE
2021-06-08,"25B_T",59.8321554778928,1.5,59.7048758129149,FALSE,0.9,64.5424250943933,FALSE
2021-06-09,"25B_T",55.8727521563307,1.1,57.4675325004781,FALSE,0.4,61.0205999132796,FALSE
2021-06-10,"25B_T",50.1665459111843,0.6,53.0950922688723,FALSE,0.1,55,FALSE
2021-06-11,"25B_T",49.08093382636,0.6,53.0950922688723,FALSE,0.1,55,FALSE
2021-06-12,"25B_T",52.8314321387329,0.8,55.1703246839362,FALSE,0.2,58.0102999566398,FALSE
2021-08-08,"25B_T",39.344375712798,0.2,45.1701082279787,FALSE,0,-Inf,FALSE
2021-08-09,"25B_T",52.9305262314679,0.6,53.0950922688723,FALSE,0.2,58.0102999566398,FALSE
2021-08-10,"25B_T",52.269988861231,0.6,53.0950922688723,FALSE,0.2,58.0102999566398,FALSE
2021-08-11,"25B_T",41.8031509941571,0.1,40.17,FALSE,0,-Inf,FALSE
2021-08-12,"25B_T",46.8742152910151,0.3,48.0949840408936,FALSE,0,-Inf,FALSE
2021-08-13,"25B_T",46.5260719375804,0.3,48.0949840408936,FALSE,0,-Inf,FALSE
2021-08-14,"25B_T",38.8038863107373,0.1,40.17,FALSE,0,-Inf,FALSE
2020-12-13,"26B_SG",59.815371318846,0.6,53.0950922688723,FALSE,0.9,64.5424250943933,FALSE
2020-12-14,"26B_SG",65.6333866954597,1,56.78,FALSE,3.5,70.4406804435028,FALSE
2020-12-15,"26B_SG",84.6642867067675,35.2,82.4680736403718,FALSE,281.1,89.4886084560744,TRUE
2020-12-16,"26B_SG",84.8278308964336,38.3,83.0769316356188,FALSE,292.3,89.6582881535744,TRUE
2020-12-17,"26B_SG",67.4591097421752,4.4,67.4677489564356,FALSE,5.3,72.2427586960079,FALSE
2020-12-18,"26B_SG",50.5418287186015,0.9,56.0199680817872,FALSE,0.1,55,FALSE
2020-12-19,"26B_SG",49.053548440078,0.9,56.0199680817872,FALSE,0.1,55,FALSE
2021-03-28,"26B_SG",57.0413314356186,2.3,62.7882993562522,FALSE,0.5,61.9897000433602,FALSE
2021-03-29,"26B_SG",59.3681689721511,1.8,61.0200763097659,FALSE,0.8,64.0308998699194,FALSE
2021-03-30,"26B_SG",56.8452558193807,0.7,54.2070784446368,FALSE,0.5,61.9897000433602,FALSE
2021-03-31,"26B_SG",52.1207392865367,0.7,54.2070784446368,FALSE,0.2,58.0102999566398,FALSE
2021-04-01,"26B_SG",59.0350267576496,1.3,58.6725990818166,FALSE,0.8,64.0308998699194,FALSE
2021-04-02,"26B_SG",44.3639785047996,0.4,50.1702164559575,FALSE,0,-Inf,FALSE
2021-04-03,"26B_SG",50.1966400307524,0.6,53.0950922688723,FALSE,0.1,55,FALSE
2021-06-06,"26B_SG",47.0361308026614,0.5,51.7798917720213,FALSE,0,-Inf,FALSE
2021-06-07,"26B_SG",63.2074658611388,1.7,60.6077565840931,FALSE,2,68.0102999566398,FALSE
2021-06-08,"26B_SG",62.4783038545819,2.2,62.4676407284568,FALSE,1.7,67.3044892137827,FALSE
2021-06-09,"26B_SG",62.2353000196944,2,61.7801082279787,FALSE,1.6,67.0411998265593,FALSE
2021-06-10,"26B_SG",60.6073026315684,1.7,60.6077565840931,FALSE,1.1,65.4139268515822,FALSE
2021-06-11,"26B_SG",49.6336638187013,0.5,51.7798917720213,FALSE,0.1,55,FALSE
2021-06-12,"26B_SG",44.209989775475,0.3,48.0949840408936,FALSE,0,-Inf,FALSE
2021-08-08,"26B_SG",48.1255709684431,0.6,53.0950922688723,FALSE,0.1,55,FALSE
2021-08-09,"26B_SG",56.8531391281359,1.1,57.4675325004781,FALSE,0.5,61.9897000433602,FALSE
2021-08-10,"26B_SG",58.5849671293753,1.3,58.6725990818166,FALSE,0.7,63.4509804001426,FALSE
2021-08-11,"26B_SG",46.9888085897034,0.4,50.1702164559575,FALSE,0,-Inf,FALSE
2021-08-12,"26B_SG",53.1164829688364,0.6,53.0950922688723,FALSE,0.2,58.0102999566398,FALSE
2021-08-13,"26B_SG",43.1948090739032,0.3,48.0949840408936,FALSE,0,-Inf,FALSE
2021-08-14,"26B_SG",46.1933926885192,0.6,53.0950922688723,FALSE,0,-Inf,FALSE
2020-12-13,"27A_SG",54.2369328729408,1.6,60.1704329119149,FALSE,0.2,58.0102999566398,FALSE
2020-12-14,"27A_SG",57.537274622986,1.6,60.1704329119149,FALSE,0.5,61.9897000433602,FALSE
2020-12-15,"27A_SG",69.2253411059666,8.4,72.1322789414879,FALSE,7.9,73.9762709129044,FALSE
2020-12-16,"27A_SG",69.2057195669165,8.2,71.9584480880935,FALSE,7.9,73.9762709129044,FALSE
2020-12-17,"27A_SG",70.8513577684724,10.4,73.6729237657527,FALSE,11.5,75.6069784035361,FALSE
2020-12-18,"27A_SG",65.4915243008927,8,71.7803246839362,FALSE,3.3,70.1851393987789,FALSE
2020-12-19,"27A_SG",60.7946121031984,3.3,65.3925165413717,FALSE,1.1,65.4139268515822,FALSE
2021-03-28,"27A_SG",63.8679210640176,5.3,68.8102221940691,FALSE,2.3,68.6172783601759,FALSE
2021-03-29,"27A_SG",65.5222624908663,4.4,67.4677489564356,FALSE,3.4,70.3147891704226,FALSE
2021-03-30,"27A_SG",67.7960922202004,5.4,68.9450603506595,FALSE,5.7,72.5587485567249,FALSE
2021-03-31,"27A_SG",61.7429841918908,2.2,62.4676407284568,FALSE,1.4,66.4612803567824,FALSE
2021-04-01,"27A_SG",65.6311300313582,3.5,65.8169702166581,FALSE,3.5,70.4406804435028,FALSE
2021-04-02,"27A_SG",49.0444199300717,0.9,56.0199680817872,FALSE,0.1,55,FALSE
2021-04-03,"27A_SG",48.5359112942465,0.9,56.0199680817872,FALSE,0.1,55,FALSE
2021-06-06,"27A_SG",52.7891436649374,1.5,59.7048758129149,FALSE,0.2,58.0102999566398,FALSE
2021-06-07,"27A_SG",64.306515082153,3.5,65.8169702166581,FALSE,2.5,68.9794000867204,FALSE
2021-06-08,"27A_SG",65.4705542022006,4.2,67.1321707135091,FALSE,3.3,70.1851393987789,FALSE
2021-06-09,"27A_SG",64.8313086672175,4.1,66.9583398601148,FALSE,2.9,69.6239799789896,FALSE
2021-06-10,"27A_SG",68.5516002904072,6.6,70.3926247693504,FALSE,6.8,73.3250891270624,FALSE
2021-06-11,"27A_SG",54.1453580047306,1.8,61.0200763097659,FALSE,0.2,58.0102999566398,FALSE
2021-06-12,"27A_SG",52.1277274889865,1.4,59.2071866726155,FALSE,0.2,58.0102999566398,FALSE
2021-08-08,"27A_SG",49.6767275708191,1.1,57.4675325004781,FALSE,0.1,55,FALSE
2021-08-09,"27A_SG",66.5511190247696,4.2,67.1321707135091,FALSE,4.3,71.3346845557959,FALSE
2021-08-10,"27A_SG",67.1547281830991,4.8,68.0954169528085,FALSE,4.9,71.9019608002851,FALSE
2021-08-11,"27A_SG",51.8123086101667,1.3,58.6725990818166,FALSE,0.1,55,FALSE
2021-08-12,"27A_SG",63.6847985995114,3.3,65.3925165413717,FALSE,2.2,68.4242268082221,FALSE
2021-08-13,"27A_SG",50.9172560639437,1.3,58.6725990818166,FALSE,0.1,55,FALSE
2021-08-14,"27A_SG",50.9285715866109,1.3,58.6725990818166,FALSE,0.1,55,FALSE
2020-12-13,"2B_T",63.8769286436482,1.9,61.4100973118265,FALSE,2.3,68.6172783601759,FALSE
2020-12-14,"2B_T",74.465713835886,6.5,70.2824908538378,FALSE,26.7,79.2651126136458,FALSE
2020-12-15,"2B_T",73.7695557599136,8.9,72.549368010372,FALSE,22.7,78.5602585719312,FALSE
2020-12-16,"2B_T",72.0314175149399,7.2,71.0202927657234,FALSE,15.2,76.8184358794477,FALSE
2020-12-17,"2B_T",55.4646492365463,1.7,60.6077565840931,FALSE,0.3,59.7712125471966,FALSE
2020-12-18,"2B_T",70.6919670984673,8.3,72.0458871143666,FALSE,11.1,75.4532297878666,FALSE
2020-12-19,"2B_T",62.2245757571582,3.1,64.9415177345873,FALSE,1.6,67.0411998265593,FALSE
2021-03-28,"2B_T",58.052965391488,2.5,63.3897835440425,FALSE,0.6,62.7815125038364,FALSE
2021-03-29,"2B_T",49.7630538089721,0.6,53.0950922688723,FALSE,0.1,55,FALSE
2021-03-30,"2B_T",68.6731241901711,2.3,62.7882993562522,FALSE,7,73.4509804001426,FALSE
2021-03-31,"2B_T",53.6770137482967,0.7,54.2070784446368,FALSE,0.2,58.0102999566398,FALSE
2021-04-01,"2B_T",49.8791655092922,0.7,54.2070784446368,FALSE,0.1,55,FALSE
2021-04-02,"2B_T",43.1359936749367,0.3,48.0949840408936,FALSE,0,-Inf,FALSE
2021-04-03,"2B_T",40.7866287005677,0.3,48.0949840408936,FALSE,0,-Inf,FALSE
2021-06-06,"2B_T",46.4986194776132,0.6,53.0950922688723,FALSE,0,-Inf,FALSE
2021-06-07,"2B_T",51.144719114438,0.7,54.2070784446368,FALSE,0.1,55,FALSE
2021-06-08,"2B_T",52.3882203659859,0.8,55.1703246839362,FALSE,0.2,58.0102999566398,FALSE
2021-06-09,"2B_T",53.640764734285,0.9,56.0199680817872,FALSE,0.2,58.0102999566398,FALSE
2021-06-10,"2B_T",50.1014935789906,0.6,53.0950922688723,FALSE,0.1,55,FALSE
2021-06-11,"2B_T",69.2458310595781,3.4,65.6078648120719,FALSE,8,74.0308998699194,FALSE
2021-06-12,"2B_T",40.8932519772153,0.3,48.0949840408936,FALSE,0,-Inf,FALSE
2021-08-08,"2B_T",43.0874361549374,0.3,48.0949840408936,FALSE,0,-Inf,FALSE
2021-08-09,"2B_T",49.0865425489989,0.4,50.1702164559575,FALSE,0.1,55,FALSE
2021-08-10,"2B_T",53.1462885463728,0.7,54.2070784446368,FALSE,0.2,58.0102999566398,FALSE
2021-08-11,"2B_T",47.7736799669162,0.4,50.1702164559575,FALSE,0.1,55,FALSE
2021-08-12,"2B_T",50.8112201752086,0.5,51.7798917720213,FALSE,0.1,55,FALSE
2021-08-13,"2B_T",54.8070124002457,0.4,50.1702164559575,FALSE,0.3,59.7712125471966,FALSE
2021-08-14,"2B_T",38.2122286315828,0.2,45.1701082279787,FALSE,0,-Inf,FALSE
2020-12-13,"33_SG",57.7127070794764,2.4,63.0953087248298,FALSE,0.6,62.7815125038364,FALSE
2020-12-14,"33_SG",51.2444137146674,0.9,56.0199680817872,FALSE,0.1,55,FALSE
2020-12-15,"33_SG",63.199599817229,4.5,67.6298598538085,FALSE,2,68.0102999566398,FALSE
2020-12-16,"33_SG",66.8010155714018,3.2,65.1705411398936,FALSE,4.4,71.4345267648619,FALSE
2020-12-17,"33_SG",51.7746001296785,1.1,57.4675325004781,FALSE,0.1,55,FALSE
2020-12-18,"33_SG",65.4811937356879,6.9,70.7132833971458,FALSE,3.3,70.1851393987789,FALSE
2020-12-19,"33_SG",60.9214449272706,3.2,65.1705411398936,FALSE,1.2,65.7918124604763,FALSE
2021-03-28,"33_SG",59.3752214664304,2.5,63.3897835440425,FALSE,0.8,64.0308998699194,FALSE
2021-03-29,"33_SG",49.6380018563689,0.8,55.1703246839362,FALSE,0.1,55,FALSE
2021-03-30,"33_SG",47.6346997383432,0.6,53.0950922688723,FALSE,0.1,55,FALSE
2021-03-31,"33_SG",50.1149555826567,0.7,54.2070784446368,FALSE,0.1,55,FALSE
2021-04-01,"33_SG",47.8444938540884,0.6,53.0950922688723,FALSE,0.1,55,FALSE
2021-04-02,"33_SG",46.9585452216945,0.5,51.7798917720213,FALSE,0,-Inf,FALSE
2021-04-03,"33_SG",48.0106098757774,0.7,54.2070784446368,FALSE,0.1,55,FALSE
2021-06-06,"33_SG",51.3723637106871,1.1,57.4675325004781,FALSE,0.1,55,FALSE
2021-06-07,"33_SG",50.259268312145,0.8,55.1703246839362,FALSE,0.1,55,FALSE
2021-06-08,"33_SG",46.9770802030309,0.6,53.0950922688723,FALSE,0,-Inf,FALSE
2021-06-09,"33_SG",48.1850530688885,0.6,53.0950922688723,FALSE,0.1,55,FALSE
2021-06-10,"33_SG",48.633159558914,0.7,54.2070784446368,FALSE,0.1,55,FALSE
2021-06-11,"33_SG",55.2966780973796,1.7,60.6077565840931,FALSE,0.3,59.7712125471966,FALSE
2021-06-12,"33_SG",48.102442351783,0.6,53.0950922688723,FALSE,0.1,55,FALSE
2021-08-08,"33_SG",52.1218129402834,0.8,55.1703246839362,FALSE,0.2,58.0102999566398,FALSE
2021-08-09,"33_SG",52.4967728603966,1,56.78,FALSE,0.2,58.0102999566398,FALSE
2021-08-10,"33_SG",52.0309091950663,1,56.78,FALSE,0.1,55,FALSE
2021-08-11,"33_SG",53.1707799255053,1,56.78,FALSE,0.2,58.0102999566398,FALSE
2021-08-12,"33_SG",54.7458262932074,1.3,58.6725990818166,FALSE,0.3,59.7712125471966,FALSE
2021-08-13,"33_SG",52.6949246679843,1.1,57.4675325004781,FALSE,0.2,58.0102999566398,FALSE
2021-08-14,"33_SG",57.3656643584723,1.7,60.6077565840931,FALSE,0.5,61.9897000433602,FALSE
2020-12-13,"3A_T",48.2652447603094,0.6,53.0950922688723,FALSE,0.1,55,FALSE
2020-12-14,"3A_T",50.3712737471817,0.3,48.0949840408936,FALSE,0,-Inf,FALSE
2020-12-15,"3A_T",57.2660786513455,2.1,62.1320624855304,FALSE,0.5,61.9897000433602,FALSE
2020-12-16,"3A_T",57.1212005271229,1.9,61.4100973118265,FALSE,0.5,61.9897000433602,FALSE
2020-12-17,"3A_T",69.403033858007,3.3,65.3925165413717,FALSE,8.3,74.1907809237607,FALSE
2020-12-18,"3A_T",59.8349770661397,3.5,65.8169702166581,FALSE,0.9,64.5424250943933,FALSE
2020-12-19,"3A_T",58.5733572464354,2.9,64.4604307451017,FALSE,0.7,63.4509804001426,FALSE
2021-03-28,"3A_T",60.8325451970951,3.6,66.0201845377446,FALSE,1.1,65.4139268515822,FALSE
2021-03-29,"3A_T",63.5587181704636,1.2,58.095200496851,FALSE,2.2,68.4242268082221,FALSE
2021-03-30,"3A_T",58.6573014497444,0.8,55.1703246839362,FALSE,0.7,63.4509804001426,FALSE
2021-03-31,"3A_T",64.0210723152567,1.4,59.2071866726155,FALSE,2.4,68.8021124171161,FALSE
2021-04-01,"3A_T",69.9467125058707,2.8,64.2072949005943,FALSE,9.4,74.731278535997,FALSE
2021-04-02,"3A_T",61.9351731747202,0.5,51.7798917720213,FALSE,1.5,66.7609125905568,FALSE
2021-04-03,"3A_T",40.4281765224249,0.2,45.1701082279787,FALSE,0,-Inf,FALSE
2021-06-06,"3A_T",45.2617225173674,0.5,51.7798917720213,FALSE,0,-Inf,FALSE
2021-06-07,"3A_T",68.0840208203069,2.5,63.3897835440425,FALSE,6.1,72.8532983501077,FALSE
2021-06-08,"3A_T",66.3999916232086,1.9,61.4100973118265,FALSE,4.2,71.232492903979,FALSE
2021-06-09,"3A_T",65.8367945380613,1.9,61.4100973118265,FALSE,3.6,70.5630250076729,FALSE
2021-06-10,"3A_T",65.9225893534324,1.8,61.0200763097659,FALSE,3.7,70.6820172406699,FALSE
2021-06-11,"3A_T",48.146832477848,0.6,53.0950922688723,FALSE,0.1,55,FALSE
2021-06-12,"3A_T",45.181710212709,0.3,48.0949840408936,FALSE,0,-Inf,FALSE
2021-08-08,"3A_T",46.2931517151347,0.3,48.0949840408936,FALSE,0,-Inf,FALSE
2021-08-09,"3A_T",57.8257788105881,0.6,53.0950922688723,FALSE,0.6,62.7815125038364,FALSE
2021-08-10,"3A_T",61.8715118268064,0.8,55.1703246839362,FALSE,1.5,66.7609125905568,FALSE
2021-08-11,"3A_T",57.3474929656454,0.5,51.7798917720213,FALSE,0.5,61.9897000433602,FALSE
2021-08-12,"3A_T",64.3059620947519,1.2,58.095200496851,FALSE,2.6,69.1497334797082,FALSE
2021-08-13,"3A_T",48.6402228203126,0.3,48.0949840408936,FALSE,0.1,55,FALSE
2021-08-14,"3A_T",49.5718826523937,0.3,48.0949840408936,FALSE,0.1,55,FALSE
2020-12-13,"5B_SG",52.632962973159,1.3,58.6725990818166,FALSE,0.2,58.0102999566398,FALSE
2020-12-14,"5B_SG",51.7858324693869,0.8,55.1703246839362,FALSE,0.1,55,FALSE
2020-12-15,"5B_SG",61.0565607663958,3.7,66.2178306367528,FALSE,1.2,65.7918124604763,FALSE
2020-12-16,"5B_SG",60.3163806814541,3.4,65.6078648120719,FALSE,1,65,FALSE
2020-12-17,"5B_SG",52.9676043933686,1.4,59.2071866726155,FALSE,0.2,58.0102999566398,FALSE
2020-12-18,"5B_SG",62.6265072523443,5.5,69.0774242724994,FALSE,1.7,67.3044892137827,FALSE
2020-12-19,"5B_SG",58.6434162874509,3,64.7049840408936,FALSE,0.7,63.4509804001426,FALSE
2021-03-28,"5B_SG",60.5833630484639,3.7,66.2178306367528,FALSE,1.1,65.4139268515822,FALSE
2021-03-29,"5B_SG",45.0832543928448,0.5,51.7798917720213,FALSE,0,-Inf,FALSE
2021-03-30,"5B_SG",48.446186352401,0.4,50.1702164559575,FALSE,0.1,55,FALSE
2021-03-31,"5B_SG",48.0420404468377,0.3,48.0949840408936,FALSE,0.1,55,FALSE
2021-04-01,"5B_SG",47.427696462224,0.6,53.0950922688723,FALSE,0.1,55,FALSE
2021-04-02,"5B_SG",41.0173848601188,0.3,48.0949840408936,FALSE,0,-Inf,FALSE
2021-04-03,"5B_SG",43.306111604385,0.3,48.0949840408936,FALSE,0,-Inf,FALSE
2021-06-06,"5B_SG",47.420008194411,0.7,54.2070784446368,FALSE,0.1,55,FALSE
2021-06-07,"5B_SG",45.0341581707141,0.4,50.1702164559575,FALSE,0,-Inf,FALSE
2021-06-08,"5B_SG",45.7242527090819,0.4,50.1702164559575,FALSE,0,-Inf,FALSE
2021-06-09,"5B_SG",51.3939135496312,0.5,51.7798917720213,FALSE,0.1,55,FALSE
2021-06-10,"5B_SG",44.9856059683403,0.4,50.1702164559575,FALSE,0,-Inf,FALSE
2021-06-11,"5B_SG",52.4636916338136,1,56.78,FALSE,0.2,58.0102999566398,FALSE
2021-06-12,"5B_SG",41.1131877597045,0.2,45.1701082279787,FALSE,0,-Inf,FALSE
2021-08-08,"5B_SG",43.704368985981,0.4,50.1702164559575,FALSE,0,-Inf,FALSE
2021-08-09,"5B_SG",49.9011399111377,0.3,48.0949840408936,FALSE,0.1,55,FALSE
2021-08-10,"5B_SG",45.3026879226739,0.3,48.0949840408936,FALSE,0,-Inf,FALSE
2021-08-11,"5B_SG",43.8650738355302,0.2,45.1701082279787,FALSE,0,-Inf,FALSE
2021-08-12,"5B_SG",41.6959444455721,0.3,48.0949840408936,FALSE,0,-Inf,FALSE
2021-08-13,"5B_SG",41.8271418296503,0.3,48.0949840408936,FALSE,0,-Inf,FALSE
2021-08-14,"5B_SG",42.0348851485708,0.3,48.0949840408936,FALSE,0,-Inf,FALSE
2020-12-13,"8B_SG",61.4541911241547,1.3,58.6725990818166,FALSE,1.3,66.1394335230684,FALSE
2020-12-14,"8B_SG",66.9238952449071,3.7,66.2178306367528,FALSE,4.7,71.7209785793572,FALSE
2020-12-15,"8B_SG",64.1586751029136,3.5,65.8169702166581,FALSE,2.4,68.8021124171161,FALSE
2020-12-16,"8B_SG",63.5328589134284,3,64.7049840408936,FALSE,2.1,68.2221929473392,FALSE
2020-12-17,"8B_SG",61.7770315651327,3,64.7049840408936,FALSE,1.4,66.4612803567824,FALSE
2020-12-18,"8B_SG",65.3877993748831,4.5,67.6298598538085,FALSE,3.3,70.1851393987789,FALSE
2020-12-19,"8B_SG",52.779504658254,1.4,59.2071866726155,FALSE,0.2,58.0102999566398,FALSE
2021-03-28,"8B_SG",54.19354257499,1.7,60.6077565840931,FALSE,0.2,58.0102999566398,FALSE
2021-03-29,"8B_SG",66.7282039148996,3,64.7049840408936,FALSE,4.5,71.5321251377534,FALSE
2021-03-30,"8B_SG",65.9132375228449,3.4,65.6078648120719,FALSE,3.7,70.6820172406699,FALSE
2021-03-31,"8B_SG",68.1999592989521,3.6,66.0201845377446,FALSE,6.3,72.9934054945358,FALSE
2021-04-01,"8B_SG",67.5957523423572,2.9,64.4604307451017,FALSE,5.5,72.4036268949424,FALSE
2021-04-02,"8B_SG",52.9005629096249,0.7,54.2070784446368,FALSE,0.2,58.0102999566398,FALSE
2021-04-03,"8B_SG",44.7801865922368,0.5,51.7798917720213,FALSE,0,-Inf,FALSE
2021-06-06,"8B_SG",47.1061094095589,0.6,53.0950922688723,FALSE,0,-Inf,FALSE
2021-06-07,"8B_SG",74.3746791116273,6.9,70.7132833971458,FALSE,26.2,79.1830129131975,FALSE
2021-06-08,"8B_SG",76.1846094909761,10,73.39,FALSE,39.8,80.9988307207369,FALSE
2021-06-09,"8B_SG",76.6990940644445,9.6,73.0955251807872,FALSE,44.8,81.5127801399814,FALSE
2021-06-10,"8B_SG",74.7631082797358,7.1,70.9194011722238,FALSE,28.7,79.5788189673399,FALSE
2021-06-11,"8B_SG",61.9320007263164,2.1,62.1320624855304,FALSE,1.5,66.7609125905568,FALSE
2021-06-12,"8B_SG",49.1960187820587,0.6,53.0950922688723,FALSE,0.1,55,FALSE
2021-08-08,"8B_SG",51.2802266836936,0.5,51.7798917720213,FALSE,0.1,55,FALSE
2021-08-09,"8B_SG",66.7326864186053,2.7,63.9449521226808,FALSE,4.5,71.5321251377534,FALSE
2021-08-10,"8B_SG",78.0911678437031,10.9,74.0116541307938,FALSE,61.9,82.9169064902012,FALSE
2021-08-11,"8B_SG",68.9329763318348,2.8,64.2072949005943,FALSE,7.5,73.750612633917,FALSE
2021-08-12,"8B_SG",69.897485542966,3.5,65.8169702166581,FALSE,9.3,74.6848294855394,FALSE
2021-08-13,"8B_SG",69.761468016219,1.7,60.6077565840931,FALSE,9.1,74.5904139232109,FALSE
2021-08-14,"8B_SG",52.5831619181303,0.6,53.0950922688723,FALSE,0.2,58.0102999566398,FALSE
2020-12-13,"9B_SG",65.0234657553874,1.6,60.1704329119149,FALSE,3,69.7712125471966,FALSE
2020-12-14,"9B_SG",71.2025175629475,7.4,71.2179388647315,FALSE,12.5,75.9691001300806,FALSE
2020-12-15,"9B_SG",72.2163888591293,8.3,72.0458871143666,FALSE,15.8,76.9865708695442,FALSE
2020-12-16,"9B_SG",72.7444107242671,8.7,72.3854147859953,FALSE,17.8,77.5042000230889,FALSE
2020-12-17,"9B_SG",58.7223708504155,1.8,61.0200763097659,FALSE,0.7,63.4509804001426,FALSE
2020-12-18,"9B_SG",77.0816742695633,17.7,77.5088359542696,FALSE,48.7,81.8752896121463,FALSE
2020-12-19,"9B_SG",55.4433773842109,1.6,60.1704329119149,FALSE,0.3,59.7712125471966,FALSE
2021-03-28,"9B_SG",54.2762367288883,1.7,60.6077565840931,FALSE,0.2,58.0102999566398,FALSE
2021-03-29,"9B_SG",55.6443257331585,1.3,58.6725990818166,FALSE,0.3,59.7712125471966,FALSE
2021-03-30,"9B_SG",72.961863027501,5.9,69.583851913376,FALSE,18.9,77.7646180417324,FALSE
2021-03-31,"9B_SG",67.6132167965497,2.4,63.0953087248298,FALSE,5.5,72.4036268949424,FALSE
2021-04-01,"9B_SG",66.8207881894308,2.1,62.1320624855304,FALSE,4.6,71.6275783168157,FALSE
2021-04-02,"9B_SG",51.509838916441,0.7,54.2070784446368,FALSE,0.1,55,FALSE
2021-04-03,"9B_SG",46.6887684115882,0.6,53.0950922688723,FALSE,0,-Inf,FALSE
2021-06-06,"9B_SG",49.1259703172739,0.9,56.0199680817872,FALSE,0.1,55,FALSE
2021-06-07,"9B_SG",59.2054388766775,1.8,61.0200763097659,FALSE,0.8,64.0308998699194,FALSE
2021-06-08,"9B_SG",60.9235341417192,2.4,63.0953087248298,FALSE,1.2,65.7918124604763,FALSE
2021-06-09,"9B_SG",59.4973883126575,2,61.7801082279787,FALSE,0.8,64.0308998699194,FALSE
2021-06-10,"9B_SG",58.3747127354219,1.8,61.0200763097659,FALSE,0.6,62.7815125038364,FALSE
2021-06-11,"9B_SG",67.5693033041994,4,66.7802164559575,FALSE,5.4,72.3239375982297,FALSE
2021-06-12,"9B_SG",57.1272367560933,1,56.78,FALSE,0.5,61.9897000433602,FALSE
2021-08-08,"9B_SG",49.8286486726926,0.5,51.7798917720213,FALSE,0.1,55,FALSE
2021-08-09,"9B_SG",54.6852038096158,1,56.78,FALSE,0.3,59.7712125471966,FALSE
2021-08-10,"9B_SG",62.1099982498006,1.7,60.6077565840931,FALSE,1.5,66.7609125905568,FALSE
2021-08-11,"9B_SG",51.8623611148262,0.9,56.0199680817872,FALSE,0.1,55,FALSE
2021-08-12,"9B_SG",53.5031408942666,1,56.78,FALSE,0.2,58.0102999566398,FALSE
2021-08-13,"9B_SG",50.930965479724,0.7,54.2070784446368,FALSE,0.1,55,FALSE
2021-08-14,"9B_SG",45.0507699392255,0.4,50.1702164559575,FALSE,0,-Inf,FALSE
