"ID","TimeStart","TimeEnd","Duration","LAeq","SEL","LAeq_Lmax","LAFmax","LCpeak","Onset","Threshold"
"AdmB",2019-06-24 15:12:07,2019-06-24 15:12:17,10,50.4,60.8,53.4,55.7,75.3,0,50
"AdmB",2019-06-24 15:13:02,2019-06-24 15:14:26,84,74.5,93.8,88.1,89.6,102.8,0.9,50
"AdmB",2019-06-24 15:14:27,2019-06-24 15:15:01,34,82.3,97.8,92.5,94.2,107.4,2.5,59.5
"AdmB",2019-06-24 15:15:01,2019-06-24 15:15:53,52,100.6,117.8,114.2,116,129.8,1.4,59.5
"AdmB",2019-06-24 15:15:53,2019-06-24 15:16:29,36,85.7,101.4,95.4,98.5,114.3,3,59.5
"AdmB",2019-06-24 15:16:29,2019-06-24 15:17:10,41,100.9,117.1,113.2,115.2,128.7,1.5,59.5
"AdmB",2019-06-24 15:17:10,2019-06-24 15:18:10,60,96.5,114.4,109.8,110.8,125.7,1.2,59.5
"AdmB",2019-06-24 15:18:10,2019-06-24 15:19:22,72,95.7,114.3,110,112.7,128,0.9,59.5
"AdmB",2019-06-24 15:19:22,2019-06-24 15:20:32,70,89.6,108.1,101.1,104.7,121,0.9,59.5
"AdmB",2019-06-24 15:20:32,2019-06-24 15:21:31,59,95.4,113.1,108.4,110.3,125.3,1,59.5
"AdmB",2019-06-24 15:21:31,2019-06-24 15:22:35,64,92.8,111,105.8,107.8,122.4,0.9,59.5
"AdmB",2019-06-24 15:22:35,2019-06-24 15:23:42,67,84.7,103,93.9,95.3,112.2,0.7,59.5
"AdmB",2019-06-24 15:23:42,2019-06-24 15:24:41,59,92.9,110.7,104.9,107.1,121.3,1,59.5
"AdmB",2019-06-24 15:24:41,2019-06-24 15:25:52,71,97.2,115.8,111.8,113.5,127.2,1,59.5
"AdmB",2019-06-24 15:25:52,2019-06-24 15:27:09,77,93.2,112.2,107,108.3,123.3,0.9,59.5
"AdmB",2019-06-24 15:27:09,2019-06-24 15:27:53,44,94.6,111.1,105.5,106.8,122.2,1.1,59.5
"AdmB",2019-06-24 15:27:53,2019-06-24 15:29:02,69,95,113.4,108.8,111,125.8,1,59.5
"AdmB",2019-06-24 15:29:02,2019-06-24 15:30:16,74,88.5,107.2,100.5,102,116.3,0.9,59.5
"AdmB",2019-06-24 15:30:16,2019-06-24 15:31:13,57,88.6,106.2,100.6,102.8,118.2,0.8,59.5
"AdmB",2019-06-24 15:31:13,2019-06-24 15:32:13,60,93.4,111.3,106.2,107.6,126.6,1.1,59.5
"AdmB",2019-06-24 15:32:13,2019-06-24 15:33:37,84,94,113.3,108,110,124.8,0.8,59.5
"AdmB",2019-06-24 15:33:37,2019-06-24 15:34:18,41,95,111.2,105.9,108,123.4,1.9,59.5
"AdmB",2019-06-24 15:34:18,2019-06-24 15:34:46,28,96.6,111.2,105.2,106.7,121.3,2,59.5
"AdmB",2019-06-24 15:34:46,2019-06-24 15:35:47,61,92.9,110.9,105.5,106,121.8,1,59.5
"AdmB",2019-06-24 15:35:47,2019-06-24 15:36:51,64,96.6,114.7,110.6,111.8,125.4,1.1,59.5
"AdmB",2019-06-24 15:36:51,2019-06-24 15:37:48,57,90.3,107.9,102.5,103.7,120,0.9,59.5
"AdmB",2019-06-24 15:37:48,2019-06-24 15:38:33,45,98.7,115.3,111.3,112.7,128.1,1.7,59.5
"AdmB",2019-06-24 15:38:33,2019-06-24 15:39:13,40,97.3,113.5,109.4,111,125.7,1.4,59.5
"AdmB",2019-06-24 15:39:13,2019-06-24 15:40:15,62,95.5,113.5,107.8,110.1,125.1,1,59.5
"AdmB",2019-06-24 15:40:15,2019-06-24 15:41:17,62,94.1,112.1,106.5,108.4,121.8,1,59.5
"AdmB",2019-06-24 15:41:17,2019-06-24 15:41:56,39,99.1,115.1,111.6,115.1,129.2,1.6,59.5
"AdmB",2019-06-24 15:41:56,2019-06-24 15:42:58,62,92.1,110.1,104.8,106.4,120.7,1.2,59.5
"AdmB",2019-06-24 15:42:58,2019-06-24 15:43:39,41,94.2,110.4,105.6,107.2,123.4,2,59.5
"AdmB",2019-06-24 15:43:43,2019-06-24 15:44:48,65,90.3,108.5,101.7,102.7,118.8,0.9,58.6
"AdmB",2019-06-24 15:44:48,2019-06-24 15:45:27,39,97.8,113.8,108.6,111,123.8,1.4,58.6
"AdmB",2019-06-24 15:45:27,2019-06-24 15:46:31,64,91.5,109.6,103.4,104.8,118,1,58.6
"AdmB",2019-06-24 15:46:31,2019-06-24 15:47:18,47,96.6,113.4,109.4,111.5,125.7,1.5,58.6
"AdmB",2019-06-24 15:47:18,2019-06-24 15:48:28,70,88.8,107.3,100,101.6,117.2,0.9,58.6
"AdmB",2019-06-24 15:48:28,2019-06-24 15:49:14,46,95.6,112.3,106.4,108,121,1.4,58.6
"AdmB",2019-06-24 15:49:14,2019-06-24 15:50:23,69,98.1,116.5,113.5,115.6,130.7,1.2,58.6
"AdmB",2019-06-24 15:52:14,2019-06-24 15:53:21,67,96,114.4,110.1,113,128.2,1.1,58.3
"AdmB",2019-06-24 15:55:15,2019-06-24 15:56:29,74,94.5,113.3,108.5,109.8,121.9,1.1,58.3
"AdmB",2019-06-24 15:58:17,2019-06-24 15:59:31,74,97.1,115.8,112.8,114.4,130.8,1,57.8
"AdmB",2019-06-24 15:59:53,2019-06-24 16:00:08,15,58.8,70.9,61.7,62.5,79.6,0.3,57.8
"AdmB",2019-06-24 16:01:06,2019-06-24 16:02:29,83,97.6,116.8,113.3,114.6,129.8,1,57.8
"AdmB",2019-06-24 16:04:42,2019-06-24 16:05:22,40,91.2,107.3,99.8,102.4,116,2.4,57.7
"AdmB",2019-06-24 16:06:12,2019-06-24 16:07:17,65,92.5,110.7,106.4,108.6,122.4,1.2,57.7
"AdmB",2019-06-24 16:07:36,2019-06-24 16:07:43,7,58.1,67.1,59.5,61.1,79.7,0.5,57.7
"AdmB",2019-06-24 16:07:47,2019-06-24 16:08:35,48,68.5,85.4,73.5,75.6,88.2,0.4,57.7
"AdmB",2019-06-24 16:08:41,2019-06-24 16:09:59,78,91.5,110.5,104.8,105.9,118.2,1.3,57.7
"AdmB",2019-06-24 16:10:19,2019-06-24 16:10:26,7,58,67,59.7,60.9,79.1,0.8,57.7
"AdmB",2019-06-24 16:11:28,2019-06-24 16:12:41,73,94.5,113.2,108.6,110.8,126.5,1.1,57.7
"AdmB",2019-06-24 16:13:31,2019-06-24 16:13:40,9,58.8,68.8,63.4,65,86.8,2.6,57.7
"AdmB",2019-06-24 16:14:28,2019-06-24 16:15:26,58,88.3,106,98.5,99.4,114.2,1.2,57.7
"AdmB",2019-06-24 16:15:29,2019-06-24 16:15:51,22,59,72.6,61.1,62,80.4,0.2,57.7
"AdmB",2019-06-24 16:16:07,2019-06-24 16:16:20,13,58.7,70.1,63,63.9,85.4,2.9,57.7
"AdmB",2019-06-24 16:17:22,2019-06-24 16:18:34,72,94.8,113.5,109.6,111.1,125.1,1.2,57.7
"AdmB",2019-06-24 16:18:41,2019-06-24 16:18:55,14,57.9,69.6,60,61.2,80,0.6,57.7
"AdmB",2019-06-24 16:19:08,2019-06-24 16:19:15,7,58.6,67.7,61.8,62.7,81.2,1.2,57.7
"AdmB",2019-06-24 16:20:21,2019-06-24 16:21:33,72,93.5,112.2,106,107.8,122.8,1.1,57.7
"AdmB",2019-06-24 16:22:00,2019-06-24 16:22:09,9,57.6,67.6,58.6,60,78.4,0,57.8
"AdmB",2019-06-24 16:23:10,2019-06-24 16:24:16,66,96.4,114.7,111.2,113.1,125.7,1.4,57.9
"AdmB",2019-06-24 16:24:43,2019-06-24 16:24:58,15,59.3,71.4,63,64.2,82.4,0.7,58.3
"AdmB",2019-06-24 16:25:59,2019-06-24 16:27:08,69,92.4,110.8,104.3,105.5,119.5,1.2,58.4
"AdmB",2019-06-24 16:29:01,2019-06-24 16:30:17,76,95.7,114.5,110,112.2,126.4,1,58.7
"AdmB",2019-06-24 16:31:59,2019-06-24 16:33:09,70,92,110.5,105.2,107.2,120.8,1.3,58.9
"AdmB",2019-06-24 16:33:54,2019-06-24 16:34:15,21,88.3,101.8,95.8,97.9,111.6,3.4,59.3
"AdmB",2019-06-24 16:35:00,2019-06-24 16:36:00,60,95,112.8,108.7,110,124.3,1.7,60
"AdmB",2019-06-24 16:36:33,2019-06-24 16:37:00,27,81.6,96.1,90.5,92.4,107.4,2.4,60.2
"AdmB",2019-06-24 16:37:47,2019-06-24 16:38:48,61,95.9,113.8,109.8,110.9,125,1.2,60.2
"AdmB",2019-06-24 16:38:48,2019-06-24 16:39:54,66,88.4,106.7,98.5,101.2,115.9,0.9,60.2
"AdmB",2019-06-24 16:40:19,2019-06-24 16:41:29,70,96.1,114.6,109.3,111.6,125,0.8,60.5
"AdmB",2019-06-24 16:41:29,2019-06-24 16:42:38,69,94,112.5,107.1,109.1,124.1,1.1,60.5
"AdmB",2019-06-24 16:43:23,2019-06-24 16:44:34,71,94.2,112.8,109.5,111.2,125.4,1.2,60.9
"AdmB",2019-06-24 16:44:34,2019-06-24 16:45:22,48,95.1,112,107.6,109.7,123.8,1.6,60.9
"AdmB",2019-06-24 16:45:30,2019-06-24 16:45:37,7,61.7,70.8,64.7,66.2,85.2,0.7,60.9
"AdmB",2019-06-24 16:46:12,2019-06-24 16:47:05,53,97,114.4,110,112.3,127.8,1.3,50
"AdmB",2019-06-24 16:47:05,2019-06-24 16:47:59,54,93.4,110.8,104.8,106.5,119.2,1.1,50
"AdmB",2019-06-24 16:47:59,2019-06-24 16:48:39,40,96,112.1,107.8,109.7,125.2,2.4,50
"AdmB",2019-06-24 16:48:39,2019-06-24 16:49:22,43,91.9,108.3,103,106.2,120,1.1,50
"AdmB",2019-06-24 16:49:22,2019-06-24 16:50:26,64,96.5,114.7,110.8,113.2,129.9,1.3,50
"AdmB",2019-06-24 16:50:26,2019-06-24 16:51:13,47,93.4,110.2,103.3,105.9,121.2,1.8,50
"AdmB",2019-06-24 16:51:13,2019-06-24 16:51:47,34,93.4,108.9,104.8,106.3,121.9,1.5,50
"AdmB",2019-06-24 16:51:47,2019-06-24 16:52:48,61,93.5,111.5,106.7,109.2,122.7,1,50
"AdmB",2019-06-24 16:52:48,2019-06-24 16:53:32,44,95.7,112.2,106.4,108.2,123.4,1.9,50
"AdmB",2019-06-24 16:53:32,2019-06-24 16:54:27,55,89.7,107.1,100,101.9,118,1,50
"AdmB",2019-06-24 16:54:27,2019-06-24 16:55:03,36,93.7,109.4,104.1,106.2,119.5,1.9,50
"AdmB",2019-06-24 16:55:03,2019-06-24 16:56:07,64,96.1,114.2,112.3,114.9,130.2,1.1,50
"AdmB",2019-06-24 16:56:07,2019-06-24 16:56:46,39,96.2,112.3,107.4,109.7,123.9,1.9,50
"AdmB",2019-06-24 16:56:46,2019-06-24 16:57:26,40,97.4,113.5,109.4,111.2,125,1.9,50
"AdmB",2019-06-24 16:57:26,2019-06-24 16:58:16,50,94.6,111.6,107.1,108.3,124.2,1.2,50
"AdmB",2019-06-24 16:58:16,2019-06-24 16:59:21,65,96.4,114.6,110,110.5,125.7,0.9,50
"AdmB",2019-06-24 16:59:21,2019-06-24 16:59:52,31,93,108.1,101.7,102.7,118.5,1.7,50
"AdmB",2019-06-24 16:59:52,2019-06-24 17:00:34,42,94,110.3,105.1,107.5,121.1,1.7,50
"AdmB",2019-06-24 17:00:34,2019-06-24 17:01:27,53,94.1,111.4,105.8,107.3,121.6,1.1,50
"AdmB",2019-06-24 17:01:27,2019-06-24 17:02:33,66,87.1,105.4,99.6,101.1,115,0.7,50
"AdmB",2019-06-24 17:02:33,2019-06-24 17:03:10,37,93.3,109.1,104.7,106.6,121.3,1.4,50
"AdmB",2019-06-24 17:03:10,2019-06-24 17:03:46,36,94.3,110,104.2,106.2,120.6,1.8,50
"AdmB",2019-06-24 17:03:46,2019-06-24 17:04:38,52,90.8,108.1,101.2,103.1,119,1,50
"AdmB",2019-06-24 17:04:38,2019-06-24 17:05:45,67,92.4,110.7,106,107.3,122.5,1.1,50
"AdmB",2019-06-24 17:05:45,2019-06-24 17:06:23,38,91,106.9,101.3,104.7,119.5,1.8,50
"AdmB",2019-06-24 17:06:23,2019-06-24 17:07:13,50,93.7,110.8,106.1,107.2,122.6,1.9,50
"AdmB",2019-06-24 17:07:13,2019-06-24 17:07:52,39,91.4,107.4,102.4,103.4,116.3,1.6,50
"AdmB",2019-06-24 17:07:52,2019-06-24 17:08:59,67,98.6,117,113.8,115.6,131.4,1.1,50
"AdmB",2019-06-24 17:08:59,2019-06-24 17:09:34,35,94.9,110.4,104.4,106.1,122,2.5,50
"AdmB",2019-06-24 17:09:34,2019-06-24 17:10:27,53,97.5,114.8,111,114.1,128.1,1.6,50
"AdmB",2019-06-24 17:10:27,2019-06-24 17:11:40,73,93.7,112.4,108.1,110.5,124.2,0.9,50
"AdmB",2019-06-24 17:11:40,2019-06-24 17:12:40,60,93.7,111.5,107.1,109.8,125.6,1.3,50
"AdmB",2019-06-24 17:12:40,2019-06-24 17:13:22,42,91.5,107.9,102,103.3,117.1,1.9,50
"AdmB",2019-06-24 17:13:22,2019-06-24 17:14:32,70,91.9,110.4,104.9,108.7,124.4,0.9,50
"AdmB",2019-06-24 17:14:32,2019-06-24 17:15:11,39,94.3,110.3,105.7,108.4,122.8,1.5,50
"AdmB",2019-06-24 17:15:11,2019-06-24 17:16:11,60,97.7,115.6,111.3,114,127,1,50
"AdmB",2019-06-24 17:16:11,2019-06-24 17:17:17,66,99.9,118.2,114.8,117.8,133.7,1.1,50
"AdmB",2019-06-24 17:17:17,2019-06-24 17:19:06,109,90.8,111.2,105.5,108.2,123,1.3,50
"AdmB",2019-06-24 17:19:32,2019-06-24 17:20:57,85,91.7,111,106,107.1,121,1,50
"AdmB",2019-06-24 17:20:57,2019-06-24 17:21:56,59,61.2,79,70.2,72.5,90.6,0.5,50
"AdmB",2019-06-24 17:22:06,2019-06-24 17:22:15,9,49.9,59.9,51.9,53.8,76.5,1,50
"AdmB",2019-06-24 17:22:23,2019-06-24 17:23:47,84,89.8,109.1,105.3,107.2,122.2,1,50
"AdmB",2019-06-24 17:23:47,2019-06-24 17:24:33,46,58.9,75.7,65.3,66.4,84.6,0.6,50
"AdmB",2019-06-24 17:25:06,2019-06-24 17:27:14,128,86.1,107.2,102.1,105.1,120.2,1,50
"AdmB",2019-06-24 17:27:51,2019-06-24 17:30:09,138,91.6,113.1,109.2,110.7,125,1.1,50
"AdmB",2019-06-24 17:35:06,2019-06-24 17:35:23,17,54.9,67.5,60.8,62.1,87,1.8,50
"AdmB",2019-06-24 17:48:49,2019-06-24 17:49:04,15,50.6,62.6,53,53.8,76.7,0.6,50
"AdmB",2019-06-24 17:51:54,2019-06-24 17:52:00,6,51.2,59.6,55,58.6,78.8,1.7,50
"AdmB",2019-06-24 17:53:40,2019-06-24 17:54:26,46,90.5,107.2,101.8,103.3,116.6,2.2,50
"AdmB",2019-06-24 17:54:26,2019-06-24 17:55:11,45,81.1,97.7,91,92.5,107.2,1.1,50
"AdmB",2019-06-24 17:55:11,2019-06-24 17:55:52,41,91.1,107.4,103.6,106.3,119.3,2.1,50
"AdmB",2019-06-24 17:55:52,2019-06-24 17:57:29,97,89.2,109.1,103,104,120.1,0.8,50
"AdmB",2019-06-24 17:57:29,2019-06-24 17:58:39,70,94.6,113.1,109.9,111.5,127.7,1.2,50
"AdmB",2019-06-24 17:58:39,2019-06-24 18:00:04,85,91.9,111.2,106.9,109.6,122.8,0.9,50
"AdmB",2019-06-24 18:00:04,2019-06-24 18:01:13,69,96.5,114.9,111.4,113.9,129.3,1.2,50
"AdmB",2019-06-24 18:01:13,2019-06-24 18:02:44,91,89.8,109.5,104.5,105.6,117.9,0.8,50
"AdmB",2019-06-24 18:02:44,2019-06-24 18:03:43,59,91.4,109.2,101.7,103,118.6,1,50
"AdmB",2019-06-24 18:03:43,2019-06-24 18:05:27,104,96.8,117,115,116.6,130.5,0.7,50
"AdmB",2019-06-24 18:05:27,2019-06-24 18:06:17,50,93.5,110.5,104.5,105.9,120.9,1.2,50
"AdmB",2019-06-24 18:06:17,2019-06-24 18:07:09,52,83,100.2,94.6,96.7,108.4,1,50
"AdmB",2019-06-24 18:07:09,2019-06-24 18:08:14,65,95.1,113.3,108.5,111,126.8,1,50
"AdmB",2019-06-24 18:08:14,2019-06-24 18:08:49,35,96.5,112.1,108,109.1,122.5,1.9,50
"AdmB",2019-06-24 18:08:49,2019-06-24 18:09:35,46,100.3,117.1,113.5,114.7,128.4,1.2,50
"AdmB",2019-06-24 18:09:35,2019-06-24 18:11:08,93,88.7,108.5,103.5,104.8,117.6,0.6,50
"AdmB",2019-06-24 18:11:08,2019-06-24 18:11:54,46,96.4,113.1,109.6,111.4,124.8,2.2,50
"AdmB",2019-06-24 18:11:54,2019-06-24 18:12:59,65,98.6,116.8,114,114.7,131.3,1.3,50
"AdmB",2019-06-24 18:12:59,2019-06-24 18:13:44,45,96.4,113,107.7,108.9,122.9,1.5,50
"AdmB",2019-06-24 18:13:44,2019-06-24 18:14:43,59,96.3,114,109.5,110.7,124.8,1.3,50
"AdmB",2019-06-24 18:14:43,2019-06-24 18:15:51,68,96.8,115.2,110.3,111.7,126,1.2,50
"AdmB",2019-06-24 18:15:51,2019-06-24 18:17:16,85,93.8,113.2,109.8,110.4,123.9,1.7,50
"AdmB",2019-06-24 18:17:16,2019-06-24 18:19:32,136,95.3,116.7,112.5,114.1,127.8,1.1,50
"AdmB",2019-06-24 18:19:39,2019-06-24 18:19:51,12,51.3,62.4,57.4,59.7,75.6,1.4,50
"AdmB",2019-06-24 18:19:58,2019-06-24 18:22:11,133,95.7,117,114.6,116,130.5,1.1,50
"AdmB",2019-06-24 18:22:14,2019-06-24 18:22:26,12,51.7,62.9,55.6,58.3,77.3,0.9,50
"AdmB",2019-06-24 18:22:31,2019-06-24 18:22:37,6,48.6,57,50.9,53.1,72.5,0.2,50
"AdmB",2019-06-24 18:22:39,2019-06-24 18:24:14,95,93.9,113.7,109.5,110.7,125,1.2,50
"AdmB",2019-06-24 18:24:14,2019-06-24 18:25:09,55,64,81.5,72.6,74.7,92.8,0.6,50
"AdmB",2019-06-24 18:25:19,2019-06-24 18:27:41,142,92.1,113.6,108.5,109.8,124.8,1,50
"AdmB",2019-06-24 18:27:49,2019-06-24 18:27:59,10,52.5,62.9,56.9,59.3,73,1.4,50
"AdmB",2019-06-24 18:28:01,2019-06-24 18:30:03,122,93.7,114.6,110,110.7,124.9,1.1,50
"AdmB",2019-06-24 18:42:15,2019-06-24 18:42:36,21,51.2,64.6,54.9,57.8,74.4,0.5,50
"AdmB",2019-06-24 21:01:19,2019-06-24 21:02:01,42,54.1,70.5,58.9,59.5,80.3,0.3,50
"AdmB",2019-06-24 21:16:03,2019-06-24 21:16:15,12,53.3,64.4,60.4,62.4,80.3,2.6,50
"AdmB",2019-06-24 21:40:40,2019-06-24 21:40:49,9,50.3,60.3,52.8,53.9,71.6,0,50
"AdmB",2019-06-24 21:40:58,2019-06-24 21:41:44,46,83.5,100.2,94.6,96.7,111.9,2.2,50
"AdmB",2019-06-24 21:41:57,2019-06-24 21:42:39,42,82.2,98.5,95.9,100,114,2.3,50
"AdmB",2019-06-24 21:42:39,2019-06-24 21:44:00,81,85.9,105,100.5,102.7,114.5,0.7,50
"AdmB",2019-06-24 21:44:00,2019-06-24 21:45:24,84,84.9,104.2,99.7,100.7,113.6,0.9,50
"AdmB",2019-06-24 21:45:24,2019-06-24 21:46:39,75,87.7,106.5,101.1,103.9,117.8,0.6,50
"AdmB",2019-06-24 21:46:39,2019-06-24 21:47:20,41,87.2,103.4,97.6,99.4,117.5,2.9,50
"AdmB",2019-06-24 21:47:20,2019-06-24 21:47:48,28,94.4,109.1,103.1,104.7,119.4,1.7,50
"AdmB",2019-06-24 21:47:48,2019-06-24 21:48:35,47,89.7,106.5,102.2,104.8,119.5,1,50
"AdmB",2019-06-24 21:48:35,2019-06-24 21:49:23,48,98.7,115.6,110.3,112.2,126.3,1.9,50
"AdmB",2019-06-24 21:49:23,2019-06-24 21:49:57,34,96.2,111.6,107.3,109,123.6,1.8,50
"AdmB",2019-06-24 21:49:57,2019-06-24 21:50:40,43,96.6,113,108.9,110.5,126.1,1.3,50
"AdmB",2019-06-24 21:50:40,2019-06-24 21:51:26,46,99.6,116.3,112.3,115.3,130.5,2.4,50
"AdmB",2019-06-24 21:51:26,2019-06-24 21:52:10,44,101.1,117.7,114.8,116.2,132.1,1.7,50
"AdmB",2019-06-24 21:52:10,2019-06-24 21:53:12,62,96.7,114.7,111.4,112.4,126.8,0.9,50
"AdmB",2019-06-24 21:53:12,2019-06-24 21:54:09,57,97.8,115.4,111.5,114.1,128.5,1,50
"AdmB",2019-06-24 21:54:09,2019-06-24 21:54:37,28,101.5,116.2,113.4,115.7,129,2.3,50
"AdmB",2019-06-24 21:54:37,2019-06-24 21:55:34,57,98.9,116.6,112.7,114.1,128.3,0.8,50
"AdmB",2019-06-24 21:55:34,2019-06-24 21:56:38,64,93.4,111.5,105,107.8,122.5,0.9,50
"AdmB",2019-06-24 21:56:38,2019-06-24 21:57:12,34,102.1,117.6,114.3,116.2,129.2,1.7,50
"AdmB",2019-06-24 21:57:12,2019-06-24 21:57:58,46,96.4,113.1,109.7,113.2,128.4,0.9,50
"AdmB",2019-06-24 21:57:58,2019-06-24 21:58:52,54,97.4,114.8,110.9,114.9,128.5,1,50
"AdmB",2019-06-24 21:58:52,2019-06-24 21:59:54,62,94.8,112.7,109.1,111.9,128.3,0.8,50
"AdmB",2019-06-24 21:59:54,2019-06-24 22:00:40,46,98.5,115.2,110.8,113.2,127.4,1.3,50
"AdmB",2019-06-24 22:00:40,2019-06-24 22:01:19,39,99.9,115.9,111.9,113.9,129.3,1.3,50
"AdmB",2019-06-24 22:01:19,2019-06-24 22:02:09,50,95.5,112.5,108,110,124.4,0.7,50
"AdmB",2019-06-24 22:02:09,2019-06-24 22:03:25,76,88.7,107.6,103.3,104.5,118,0.4,50
"AdmB",2019-06-24 22:03:25,2019-06-24 22:04:07,42,96.7,113,107.5,110,124.9,1.2,50
"AdmB",2019-06-24 22:04:07,2019-06-24 22:04:39,32,98.7,113.9,109,110.8,125.8,1.6,50
"AdmB",2019-06-24 22:04:39,2019-06-24 22:05:22,43,99.2,115.6,111.7,114.4,129.6,1.2,50
"AdmB",2019-06-24 22:05:22,2019-06-24 22:06:25,63,93.1,111.1,106,108.3,121.3,1.2,50
"AdmB",2019-06-24 22:06:25,2019-06-24 22:07:15,50,92.7,109.8,104.4,106.1,122.5,1.2,50
"AdmB",2019-06-24 22:07:15,2019-06-24 22:07:42,27,96,110.5,105.8,109.5,125.4,2,50
"AdmB",2019-06-24 22:07:42,2019-06-24 22:08:31,49,89.5,106.4,100.5,103.3,115.9,0.7,50
"AdmB",2019-06-24 22:08:31,2019-06-24 22:09:23,52,96.6,113.9,110.2,111.1,125.7,1.1,50
"AdmB",2019-06-24 22:09:23,2019-06-24 22:10:16,53,97.6,114.9,111.5,113.6,129.8,1,50
"AdmB",2019-06-24 22:10:16,2019-06-24 22:11:07,51,98,115.2,111,113,127.7,1.2,50
"AdmB",2019-06-24 22:11:07,2019-06-24 22:11:51,44,98.1,114.7,112.6,116,132.5,1.9,50
"AdmB",2019-06-24 22:11:51,2019-06-24 22:12:57,66,96.7,114.9,113.1,115.6,130,1.1,50
"AdmB",2019-06-24 22:12:57,2019-06-24 22:13:23,26,99.2,113.5,109.7,111,125.8,2.3,50
"AdmB",2019-06-24 22:13:23,2019-06-24 22:14:24,61,95.1,113,109.4,111.9,125.7,1.3,50
"AdmB",2019-06-24 22:14:24,2019-06-24 22:15:03,39,88.3,104.3,97.3,98.8,114.8,2.6,50
"AdmB",2019-06-24 22:15:03,2019-06-24 22:16:25,82,95.1,114.3,108.1,111.9,129.2,0.9,50
"AdmB",2019-06-24 22:16:25,2019-06-24 22:17:33,68,90.1,108.5,103.9,106.7,121.6,0.7,50
"AdmB",2019-06-24 22:17:33,2019-06-24 22:19:51,138,87.5,108.9,102,104.6,120.5,0.8,50
"AdmB",2019-06-24 22:27:58,2019-06-24 22:28:41,43,75.1,91.5,83.3,85.6,100,1.5,50
"AdmB",2019-06-24 22:29:33,2019-06-24 22:31:54,141,89.1,110.7,104.9,107.4,126.1,0.9,50
"AdmB",2019-06-24 22:32:09,2019-06-24 22:34:25,136,89.1,110.4,105.8,108.2,120.4,1,50
"AdmB",2019-06-24 22:34:25,2019-06-24 22:35:26,61,89.7,107.6,102.6,104.8,118.1,1.1,50
"AdmB",2019-06-24 22:35:26,2019-06-24 22:37:14,108,89.5,109.8,107,109.2,122.4,0.7,50
"AdmB",2019-06-24 22:37:14,2019-06-24 22:38:16,62,95.9,113.9,110.1,111.9,127.8,1.2,50
"AdmB",2019-06-24 22:38:16,2019-06-24 22:39:59,103,92.1,112.2,106.1,108.1,121.9,1.2,50
"AdmB",2019-06-24 22:39:59,2019-06-24 22:41:04,65,96.6,114.8,110.6,113.9,130.4,1.1,50
"AdmB",2019-06-24 22:41:04,2019-06-24 22:42:52,108,90.1,110.5,103.6,104.9,119.8,1.1,50
"AdmB",2019-06-24 22:42:52,2019-06-24 22:43:56,64,90.3,108.5,102.3,104.6,120.4,0.9,50
"AdmB",2019-06-24 22:43:56,2019-06-24 22:45:39,103,94.9,115.1,110,112.2,127.1,1.7,50
"AdmB",2019-06-24 22:45:39,2019-06-24 22:46:50,71,89,107.6,101.4,104.2,117.9,0.9,50
"AdmB",2019-06-24 22:46:50,2019-06-24 22:48:35,105,91.4,111.6,107.7,108.8,123.8,1.5,50
"AdmB",2019-06-24 22:48:35,2019-06-24 22:49:46,71,90.6,109.2,103.4,104.8,119.3,0.8,50
"AdmB",2019-06-24 22:49:46,2019-06-24 22:51:33,107,89.4,109.7,103.1,105,117.3,1.3,50
"AdmB",2019-06-24 22:51:33,2019-06-24 22:52:38,65,89.7,107.9,101.7,104.9,120.1,0.9,50
"AdmB",2019-06-24 22:52:38,2019-06-24 22:54:22,104,91.1,111.3,108.4,110.9,125.6,1.1,50
"AdmB",2019-06-24 22:54:22,2019-06-24 22:55:38,76,92.8,111.7,107.5,109.8,124.6,0.9,50
"AdmB",2019-06-24 22:55:38,2019-06-24 22:57:08,90,88.3,107.9,101.7,103.3,118.7,1.4,50
"AdmB",2019-06-24 22:57:08,2019-06-24 22:59:43,155,83.8,105.7,97.9,99,115.1,0.7,50
"AdmB",2019-06-24 23:00:09,2019-06-24 23:02:25,136,87,108.4,101.6,106.1,123.1,0.8,50
"AdmB",2019-06-24 23:16:41,2019-06-24 23:17:29,48,78.5,95.4,90.1,91.4,105.1,1.6,50
"AdmB",2019-06-24 23:18:01,2019-06-24 23:19:14,73,90.3,108.9,104.1,105.4,117.8,1.2,50
"AdmB",2019-06-24 23:19:14,2019-06-24 23:20:31,77,86.4,105.3,98.9,100.3,115.2,0.6,50
"AdmB",2019-06-24 23:20:31,2019-06-24 23:21:23,52,93.8,111.1,106.8,108.2,124.7,1,50
"AdmB",2019-06-24 23:21:23,2019-06-24 23:22:03,40,94.4,110.5,105.2,107.7,123.8,1.1,50
"AdmB",2019-06-24 23:22:03,2019-06-24 23:23:09,66,82.5,100.8,94.9,97.6,111.7,0.6,50
"AdmB",2019-06-24 23:23:09,2019-06-24 23:23:46,37,90.4,106.2,100.3,101.5,116.4,1.1,50
"AdmB",2019-06-24 23:23:46,2019-06-24 23:24:28,42,98.5,114.9,111.4,113.1,129.2,1.2,50
"AdmB",2019-06-24 23:24:28,2019-06-24 23:25:00,32,96.1,111.3,107.6,109.8,124.4,1.7,50
"AdmB",2019-06-24 23:25:00,2019-06-24 23:25:53,53,90,107.4,101.1,104.4,120.3,0.8,50
"AdmB",2019-06-24 23:25:53,2019-06-24 23:26:35,42,98.2,114.5,109.7,111.4,126.5,1.1,50
"AdmB",2019-06-24 23:26:35,2019-06-24 23:27:36,61,96.8,114.7,110.5,112.1,126.4,0.9,50
"AdmB",2019-06-24 23:27:36,2019-06-24 23:28:05,29,94.5,109.3,105.1,106.5,122.6,2,50
"AdmB",2019-06-24 23:28:05,2019-06-24 23:28:53,48,98.7,115.6,112.1,115.2,129.9,1,50
"AdmB",2019-06-24 23:28:53,2019-06-24 23:29:44,51,88.5,105.6,99,101,115.9,0.7,50
"AdmB",2019-06-24 23:29:44,2019-06-24 23:30:44,60,95.9,113.8,108.9,112.3,127.5,1.1,50
"AdmB",2019-06-24 23:30:44,2019-06-24 23:31:25,41,91.1,107.3,102.3,104.1,122.6,2.1,50
"AdmB",2019-06-24 23:31:25,2019-06-24 23:31:59,34,96,111.4,106.5,107.4,119.5,1.2,50
"AdmB",2019-06-24 23:31:59,2019-06-24 23:33:01,62,90.6,108.5,103,104.7,120.3,0.8,50
"AdmB",2019-06-24 23:33:01,2019-06-24 23:33:43,42,91.1,107.4,102.3,105.7,119.3,1.5,50
"AdmB",2019-06-24 23:33:43,2019-06-24 23:34:14,31,92.5,107.6,102.6,105,120.3,1.9,50
"AdmB",2019-06-24 23:34:14,2019-06-24 23:35:10,56,96.8,114.3,110.7,112.4,126.7,1.1,50
"AdmB",2019-06-24 23:35:10,2019-06-24 23:35:50,40,89.9,106,98.8,100.7,115.7,1.4,50
"AdmB",2019-06-24 23:35:50,2019-06-24 23:36:32,42,94.4,110.8,106.2,108.8,125.6,1.5,50
"AdmB",2019-06-24 23:36:32,2019-06-24 23:37:09,37,91.8,107.6,102.6,106.4,121.9,1,50
"AdmB",2019-06-24 23:37:09,2019-06-24 23:38:14,65,91.2,109.4,102.6,103.7,121.6,0.8,50
"AdmB",2019-06-24 23:38:14,2019-06-24 23:38:41,27,95.6,110.1,104.3,105.4,120.5,2.4,50
"AdmB",2019-06-24 23:38:41,2019-06-24 23:39:26,45,94.2,110.9,107.5,109.1,124.4,1,50
"AdmB",2019-06-24 23:39:26,2019-06-24 23:40:08,42,90.8,107.2,103.9,105.3,120.6,0.7,50
"AdmB",2019-06-24 23:40:08,2019-06-24 23:41:06,58,91.1,108.8,103,104.4,119.2,1.1,50
"AdmB",2019-06-24 23:41:06,2019-06-24 23:41:35,29,91.7,106.5,101,102.1,115.6,2.2,50
"AdmB",2019-06-24 23:41:35,2019-06-24 23:42:35,60,92.7,110.6,106.3,108.6,123.2,1.1,50
"AdmB",2019-06-24 23:42:35,2019-06-24 23:43:18,43,93.6,110,106.1,108.1,124.1,2,50
"AdmB",2019-06-24 23:43:18,2019-06-24 23:44:02,44,94.8,111.4,105.9,107.9,124.5,1.2,50
"AdmB",2019-06-24 23:44:02,2019-06-24 23:44:44,42,95.6,112,107.5,109.2,124.4,1.3,50
"AdmB",2019-06-24 23:44:44,2019-06-24 23:45:31,47,96.5,113.3,111,112.6,127.2,1,50
"AdmB",2019-06-24 23:45:31,2019-06-24 23:46:11,40,88.7,104.8,99.5,101,116.7,1,50
"AdmB",2019-06-24 23:46:11,2019-06-24 23:47:04,53,93.3,110.7,105.5,107.5,122.1,0.9,50
"AdmB",2019-06-24 23:47:04,2019-06-24 23:47:54,50,91,108.1,101.7,103.4,118,0.8,50
"AdmB",2019-06-24 23:47:54,2019-06-24 23:49:37,103,86.6,106.8,99.6,101.6,115,1,50
"AdmB",2019-06-24 23:49:37,2019-06-24 23:51:33,116,92.9,113.5,107.9,110.9,123.8,1.4,50
"AdmB",2019-06-25 15:59:45,2019-06-25 16:00:48,63,85.3,103.4,98.4,99.4,112.3,2.2,50
"AdmB",2019-06-25 16:00:54,2019-06-25 16:02:54,120,93.7,114.6,110.9,112.5,128.2,1.6,50
"AdmB",2019-06-25 16:02:54,2019-06-25 16:04:05,71,97.4,116,111.7,114.1,131.1,1,50
"AdmB",2019-06-25 16:04:05,2019-06-25 16:05:11,66,94.7,113,110.3,112.5,126.6,1.1,50
"AdmB",2019-06-25 16:05:11,2019-06-25 16:07:07,116,89.9,110.6,105.6,106.6,121.3,0.5,50
"AdmB",2019-06-25 16:07:07,2019-06-25 16:07:52,45,98,114.6,110.9,113,127.1,1.8,50
"AdmB",2019-06-25 16:07:52,2019-06-25 16:08:44,52,98,115.2,111.6,113.7,125.6,1.2,50
"AdmB",2019-06-25 16:08:44,2019-06-25 16:10:01,77,98.4,117.3,114.3,115.1,129.1,1,50
"AdmB",2019-06-25 16:10:01,2019-06-25 16:10:44,43,97.3,113.8,108.3,110,124.3,1.8,50
"AdmB",2019-06-25 16:10:44,2019-06-25 16:11:54,70,96.6,115.1,111.5,112.4,127.8,1.1,50
"AdmB",2019-06-25 16:11:54,2019-06-25 16:12:46,52,100.6,117.9,113.7,115.2,129.5,1.2,50
"AdmB",2019-06-25 16:12:46,2019-06-25 16:13:38,52,98.2,115.4,111.1,113.8,130,1.1,50
"AdmB",2019-06-25 16:13:38,2019-06-25 16:14:39,61,99.2,117.1,113.6,114.6,128.2,1.2,50
"AdmB",2019-06-25 16:14:39,2019-06-25 16:15:41,62,95.1,113.1,110,111.8,126.3,1,50
"AdmB",2019-06-25 16:15:41,2019-06-25 16:16:23,42,94.1,110.4,105.1,106.3,120,1.5,50
"AdmB",2019-06-25 16:16:23,2019-06-25 16:17:31,68,96.1,114.5,110.3,111.3,126.6,1.1,50
"AdmB",2019-06-25 16:17:31,2019-06-25 16:18:46,75,96.4,115.2,111.8,113.2,126.5,1,50
"AdmB",2019-06-25 16:18:46,2019-06-25 16:19:25,39,97.6,113.6,109.1,110,127.2,1.9,50
"AdmB",2019-06-25 16:19:25,2019-06-25 16:20:27,62,96.9,114.9,109.8,110.9,126,1.1,50
"AdmB",2019-06-25 16:20:27,2019-06-25 16:21:30,63,94,112.1,106,107.9,123.5,1,50
"AdmB",2019-06-25 16:21:30,2019-06-25 16:22:21,51,95.7,112.9,108.9,109.6,125.6,1.4,50
"AdmB",2019-06-25 16:22:21,2019-06-25 16:23:24,63,97.7,115.7,111.8,115.1,129.3,1.2,50
"AdmB",2019-06-25 16:23:24,2019-06-25 16:24:47,83,92.4,111.7,107.5,108.5,123.2,1.1,50
"AdmB",2019-06-25 16:24:47,2019-06-25 16:26:52,125,96.2,117.2,113.9,114.4,128.3,1.2,50
"AdmB",2019-06-25 16:27:32,2019-06-25 16:29:35,123,92.5,113.4,109.3,110,124.7,1.1,50
"AdmB",2019-06-25 16:30:09,2019-06-25 16:32:15,126,92.9,113.9,110.5,111.1,126.6,1.1,50
"CrcF",2019-07-03 09:30:04,2019-07-03 09:30:14,10,51.6,62,57.1,60.6,NA,1.4,50
"CrcF",2019-07-03 09:35:07,2019-07-03 09:35:21,14,51.2,63,54.3,56.6,NA,0.8,50
"CrcF",2019-07-03 09:35:38,2019-07-03 09:35:44,6,50,58.5,53.5,56.2,NA,0,50
"CrcF",2019-07-03 09:35:48,2019-07-03 09:35:59,11,51.7,62.5,57.6,59.9,NA,2.1,50
"CrcF",2019-07-03 09:36:03,2019-07-03 09:36:24,21,52.2,65.6,56.5,59.5,NA,0.5,50
"CrcF",2019-07-03 09:52:16,2019-07-03 09:53:09,53,67.3,84.6,77.1,80.7,NA,0.8,57.6
"CrcF",2019-07-03 09:53:09,2019-07-03 09:54:35,86,70.1,89.5,78.7,80.4,NA,0.3,57.6
"CrcF",2019-07-03 09:54:35,2019-07-03 09:55:00,25,66.9,81,73.9,76.2,NA,1.2,57.6
"CrcF",2019-07-03 09:55:00,2019-07-03 09:56:39,99,80.7,100.7,89.6,92.2,NA,0.7,57.6
"CrcF",2019-07-03 09:56:39,2019-07-03 09:57:28,49,93.6,110.6,104.3,106.7,NA,1.4,57.6
"CrcF",2019-07-03 09:57:28,2019-07-03 09:58:08,40,86.6,102.7,91.9,93.8,NA,1.2,57.6
"CrcF",2019-07-03 09:58:08,2019-07-03 09:59:10,62,85.1,103.1,92.6,95.5,NA,0.6,57.6
"CrcF",2019-07-03 09:59:10,2019-07-03 09:59:47,37,83.5,99.3,92.6,94.6,NA,2.4,57.6
"CrcF",2019-07-03 09:59:47,2019-07-03 10:01:15,88,86.3,105.8,95.1,97,NA,0.7,57.6
"CrcF",2019-07-03 10:01:15,2019-07-03 10:01:54,39,85.8,101.8,94.9,97,NA,0.8,57.6
"CrcF",2019-07-03 10:01:54,2019-07-03 10:02:46,52,84.1,101.4,91.9,94.4,NA,0.6,57.6
"CrcF",2019-07-03 10:02:46,2019-07-03 10:04:18,92,86.3,106,95.2,97.7,NA,0.9,57.6
"CrcF",2019-07-03 10:04:18,2019-07-03 10:05:49,91,86.9,106.5,100.5,102.2,NA,0.4,57.6
"CrcF",2019-07-03 10:05:49,2019-07-03 10:06:25,36,87.9,103.6,95.5,97,NA,1,57.6
"CrcF",2019-07-03 10:06:25,2019-07-03 10:07:15,50,85.4,102.5,92.4,95.1,NA,0.6,57.6
"CrcF",2019-07-03 10:07:15,2019-07-03 10:08:35,80,85.8,104.9,96,97.4,NA,0.6,57.6
"CrcF",2019-07-03 10:08:35,2019-07-03 10:10:09,94,85.5,105.3,101,104,NA,0.9,57.6
"CrcF",2019-07-03 10:10:09,2019-07-03 10:12:11,122,86.1,107,97.1,98.7,NA,0.4,57.6
"CrcF",2019-07-03 10:12:11,2019-07-03 10:16:21,250,84.6,108.6,96,96.8,NA,0.3,57.6
"CrcF",2019-07-03 10:16:21,2019-07-03 10:17:23,62,86.3,104.3,94.8,96.7,NA,0.7,57.6
"CrcF",2019-07-03 10:17:23,2019-07-03 10:18:54,91,83.2,102.8,93.2,95,NA,0.4,57.6
"CrcF",2019-07-03 10:18:54,2019-07-03 10:19:59,65,83.9,102.1,93.7,95.3,NA,0.6,57.6
"CrcF",2019-07-03 10:19:59,2019-07-03 10:21:34,95,81.3,101.1,90.1,92.2,NA,0.4,57.6
"CrcF",2019-07-03 10:48:59,2019-07-03 10:49:42,43,71.1,87.5,77.8,79.3,NA,1.1,56
"CrcF",2019-07-03 11:11:03,2019-07-03 11:12:00,57,65.7,83.3,72.4,74.8,NA,0.3,56.9
"CrcF",2019-07-03 11:12:00,2019-07-03 11:13:26,86,77.5,96.9,88.7,92,NA,0.6,56.9
"CrcF",2019-07-03 11:13:57,2019-07-03 11:15:58,121,82.9,103.8,94.9,99.6,NA,0.5,56.9
"CrcF",2019-07-03 11:16:31,2019-07-03 11:16:45,14,58.3,70.1,62.4,63.2,NA,2,56.9
"CrcF",2019-07-03 11:16:47,2019-07-03 11:18:41,114,82.2,102.8,91.3,93,NA,0.6,56.9
"CrcF",2019-07-03 11:19:12,2019-07-03 11:21:15,123,85.2,106.1,100.5,103.2,NA,0.7,56.9
"CrcF",2019-07-03 11:21:47,2019-07-03 11:23:50,123,82.3,103.3,93.7,97.6,NA,0.6,56.9
"CrcF",2019-07-03 11:24:39,2019-07-03 11:26:34,115,83.7,104.4,96.1,98.5,NA,0.9,57.1
"CrcF",2019-07-03 11:27:00,2019-07-03 11:29:05,125,84.2,105.2,99.3,101.7,NA,0.7,57.1
"CrcF",2019-07-03 11:29:39,2019-07-03 11:31:58,139,81.7,103.2,93.1,95.9,NA,0.6,56.8
"CrcF",2019-07-03 11:31:58,2019-07-03 11:32:51,53,72.7,90,80.6,83.9,NA,0.7,56.8
"CrcF",2019-07-03 11:33:20,2019-07-03 11:35:32,132,81.6,102.9,92.2,93.8,NA,0.6,57.9
"CrcF",2019-07-03 11:36:04,2019-07-03 11:38:16,132,81.2,102.4,91.9,93.7,NA,0.5,60.8
"CrcF",2019-07-03 11:38:52,2019-07-03 11:39:08,16,63.6,75.9,68.8,70.5,NA,1.2,61.7
"CrcF",2019-07-03 11:39:28,2019-07-03 11:40:55,87,84.2,103.6,93.9,95.4,NA,1.1,63.3
"CrcF",2019-07-03 11:42:10,2019-07-03 11:43:42,92,83.3,103,93.4,97.6,NA,0.9,61.3
"CrcF",2019-07-03 11:44:22,2019-07-03 11:44:52,30,62.1,77,65.6,67.4,NA,0.2,58.8
"CrcF",2019-07-03 11:44:54,2019-07-03 11:46:36,102,79.9,100,88.6,91.4,NA,0.7,55
"CrcF",2019-07-03 11:46:54,2019-07-03 11:49:09,135,78.2,99.5,88.5,89.9,NA,0.4,50
"CrcF",2019-07-03 11:49:09,2019-07-03 11:50:14,65,83.9,102.1,92.9,96.8,NA,1.5,50
"CrcF",2019-07-03 11:50:14,2019-07-03 11:51:58,104,86.3,106.5,96.7,100,NA,0.4,50
"CrcF",2019-07-03 11:51:58,2019-07-03 11:53:45,107,84.2,104.5,93.3,95.2,NA,0.9,50
"CrcF",2019-07-03 11:53:45,2019-07-03 11:54:10,25,78.2,92.3,86.8,91,NA,1.4,50
"CrcF",2019-07-03 11:54:10,2019-07-03 11:56:13,123,82.3,103.3,92.2,94.4,NA,1.5,50
"CrcF",2019-07-03 11:56:13,2019-07-03 11:56:51,38,89.3,105.3,97.6,100.9,NA,1.2,50
"CrcF",2019-07-03 11:56:51,2019-07-03 11:58:46,115,81.8,102.5,91.4,94.6,NA,0.4,50
"CrcF",2019-07-03 11:58:46,2019-07-03 12:00:04,78,83.6,102.5,90.7,NA,NA,0.7,50
"CrcF",2019-07-03 12:00:17,2019-07-03 12:01:25,68,82.9,101.3,93.3,94.9,111.7,0.5,50
"CrcF",2019-07-03 12:01:25,2019-07-03 12:02:16,51,85.6,102.8,94.5,97.2,113.8,0.9,50
"CrcF",2019-07-03 12:02:16,2019-07-03 12:03:52,96,82.1,102,94.4,98.6,118.1,1.1,50
"CrcF",2019-07-03 12:03:52,2019-07-03 12:06:46,174,83,105.4,91.3,93.3,108.8,0.6,50
"CrcF",2019-07-03 12:06:46,2019-07-03 12:08:59,133,83.6,104.9,93.4,97,112.9,0.7,50
"CrcF",2019-07-03 12:08:59,2019-07-03 12:11:37,158,61.9,83.9,69.2,71.9,90.8,0.9,50
"CrcF",2019-07-03 12:18:02,2019-07-03 12:19:02,60,53.1,71,60.8,62.8,84.1,0.5,50
"CrcF",2019-07-03 14:03:35,2019-07-03 14:03:47,12,51.2,62.3,54.3,57.3,79.1,1.8,50
"CrcF",2019-07-03 14:04:39,2019-07-03 14:04:49,10,50.4,60.8,53.3,56.5,71.8,0,50
"CrcF",2019-07-03 14:12:14,2019-07-03 14:13:48,94,64.6,84.3,78.3,81,94,0.5,50
"CrcF",2019-07-03 14:13:51,2019-07-03 14:16:18,147,88.8,110.5,100.6,101.8,117.7,0.5,50
"CrcF",2019-07-03 14:16:18,2019-07-03 14:17:29,71,87,105.6,97.1,100.3,117.4,0.6,50
"CrcF",2019-07-03 14:17:29,2019-07-03 14:19:24,115,90.3,110.9,101.5,102.4,119.6,0.9,50
"CrcF",2019-07-03 14:19:24,2019-07-03 14:20:10,46,87.1,103.9,96,97.4,114.6,1.4,50
"CrcF",2019-07-03 14:20:10,2019-07-03 14:22:01,111,91,111.5,101.8,103.8,120.4,0.8,50
"CrcF",2019-07-03 14:22:01,2019-07-03 14:22:53,52,87.2,104.5,94.7,97.7,112.4,1.5,50
"CrcF",2019-07-03 14:22:53,2019-07-03 14:23:19,26,81.5,95.8,87.3,89.8,105.7,1.8,50
"CrcF",2019-07-03 14:23:19,2019-07-03 14:24:49,90,90,109.6,100.7,102.9,119.6,1.4,50
"CrcF",2019-07-03 14:24:49,2019-07-03 14:25:37,48,86.6,103.5,95.7,98.9,117.7,1.2,50
"CrcF",2019-07-03 14:25:37,2019-07-03 14:26:29,52,93.9,111.2,101.7,104.8,120.7,0.9,50
"CrcF",2019-07-03 14:26:29,2019-07-03 14:27:33,64,89.6,107.7,97.2,98.9,115,1,50
"CrcF",2019-07-03 14:27:33,2019-07-03 14:28:24,51,87.6,104.8,95.7,97.1,114.8,0.8,50
"CrcF",2019-07-03 14:28:24,2019-07-03 14:29:32,68,89.9,108.3,99.2,101.2,117,0.6,50
"CrcF",2019-07-03 14:29:32,2019-07-03 14:30:19,47,89.9,106.7,96.4,98.4,115.2,0.9,50
"CrcF",2019-07-03 14:30:19,2019-07-03 14:31:15,56,90.3,107.8,98.8,99.8,115.3,1.1,50
"CrcF",2019-07-03 14:31:15,2019-07-03 14:32:17,62,92.1,110.1,102.4,105.4,121.3,0.9,50
"CrcF",2019-07-03 14:32:17,2019-07-03 14:33:09,52,89.2,106.5,97.6,101.2,117.7,0.6,50
"CrcF",2019-07-03 14:33:09,2019-07-03 14:34:08,59,87.3,105.1,95.9,98.1,114.2,0.6,50
"CrcF",2019-07-03 14:34:08,2019-07-03 14:35:05,57,89.1,106.8,97.8,101,117.4,0.8,50
"CrcF",2019-07-03 14:35:05,2019-07-03 14:36:53,108,86.1,106.5,95.2,97.6,114.1,0.4,50
"CrcF",2019-07-03 14:36:53,2019-07-03 14:38:13,80,86.3,105.3,98.3,100.4,116.3,1.2,50
"CrcF",2019-07-03 14:38:13,2019-07-03 14:39:42,89,88.3,107.9,98.9,100.6,116,1.1,50
"CrcF",2019-07-03 14:39:42,2019-07-03 14:41:43,121,84,104.9,94.6,98.9,116.9,0.8,50
"CrcF",2019-07-03 14:41:43,2019-07-03 14:43:16,93,83.9,103.7,94.3,96.4,113.5,0.6,50
"CrcF",2019-07-03 14:43:16,2019-07-03 14:44:16,60,75.9,93.7,86.1,87.2,103.6,1.5,50
"CrcF",2019-07-03 14:44:27,2019-07-03 14:45:57,90,84.7,104.2,94.7,97,115.1,0.8,50
"CrcF",2019-07-03 14:45:57,2019-07-03 14:46:59,62,78.9,96.9,91,92.2,107.7,2.1,50
"CrcF",2019-07-03 14:47:09,2019-07-03 14:49:47,158,80.3,102.3,92.4,94.3,110.6,0.6,50
"CrcF",2019-07-03 14:49:54,2019-07-03 14:50:47,53,62.9,80.2,67.3,70.3,90.2,0.7,50
"CrcF",2019-07-03 15:05:50,2019-07-03 15:06:02,12,50.9,62,53.5,55.3,77.7,1.2,50
"CrcF",2019-07-03 15:06:08,2019-07-03 15:06:51,43,60.5,76.9,70.7,73.1,90.1,0.7,50
"CrcF",2019-07-03 15:06:51,2019-07-03 15:08:04,73,68.3,87,79.3,81.3,96.9,0.5,50
"CrcF",2019-07-03 15:08:23,2019-07-03 15:08:58,35,65.3,80.9,75.5,77.9,95.3,1.6,50
"CrcF",2019-07-03 15:09:07,2019-07-03 15:11:34,147,85,106.7,100.8,104.3,120.8,0.8,50
"CrcF",2019-07-03 15:11:42,2019-07-03 15:14:22,160,82.3,104.4,96.6,100.5,116.1,0.6,50
"CrcF",2019-07-03 15:14:29,2019-07-03 15:17:10,161,83.1,105.2,96.6,99,116.9,0.6,50
"CrcF",2019-07-03 15:17:10,2019-07-03 15:18:40,90,82.3,101.9,93.1,96.7,113.2,0.5,50
"CrcF",2019-07-03 15:18:40,2019-07-03 15:19:42,62,88.8,106.8,100,103,117.2,0.6,50
"CrcF",2019-07-03 15:19:42,2019-07-03 15:20:39,57,78.1,95.8,90.5,91.6,108.1,1.8,50
"CrcF",2019-07-03 15:20:39,2019-07-03 15:21:24,45,88.4,105.1,96.7,99.4,114.6,1.6,50
"CrcF",2019-07-03 15:21:24,2019-07-03 15:21:48,24,85,99,90.3,91.5,108.6,2,50
"CrcF",2019-07-03 15:21:48,2019-07-03 15:22:34,46,86.7,103.5,95.7,99.7,115.4,0.6,50
"CrcF",2019-07-03 15:22:34,2019-07-03 15:23:20,46,82,98.8,93.3,94.6,109.2,1.3,50
"CrcF",2019-07-03 15:23:20,2019-07-03 15:24:14,54,84.8,102.2,91.2,92.7,109.1,0.9,50
"CrcF",2019-07-03 15:24:14,2019-07-03 15:25:26,72,84.3,103,90.8,93.2,109.3,0.4,50
"CrcF",2019-07-03 15:25:26,2019-07-03 15:26:08,42,76.9,93.2,85.6,86.7,103.2,2,50
"CrcF",2019-07-03 15:26:08,2019-07-03 15:27:00,52,89.6,106.9,97.8,100.5,115.2,1.3,50
"CrcF",2019-07-03 15:27:00,2019-07-03 15:28:10,70,84.4,102.9,91.5,93.4,109.2,0.4,50
"CrcF",2019-07-03 15:28:10,2019-07-03 15:29:14,64,79.2,97.4,87.9,90.5,106.2,0.7,50
"CrcF",2019-07-03 15:29:21,2019-07-03 15:30:55,94,82.8,102.6,93.6,95.9,113.8,0.7,50
"CrcF",2019-07-03 15:30:55,2019-07-03 15:31:56,61,78.3,96.3,90.8,92.7,107.7,1.8,50
"CrcF",2019-07-03 15:32:05,2019-07-03 15:34:38,153,80,101.8,95,97.4,114.9,0.6,50
"CrcF",2019-07-03 15:34:52,2019-07-03 15:37:27,155,80.5,102.5,90.8,93.6,109.9,0.7,50
"CrcF",2019-07-03 15:37:38,2019-07-03 15:40:18,160,78.6,100.7,92.1,95.7,109.6,0.6,50
"CrcF",2019-07-03 15:40:34,2019-07-03 15:41:17,43,64.9,81.4,76.1,79.1,95.6,1.3,50
"CrcF",2019-07-03 15:58:40,2019-07-03 15:58:50,10,52.5,62.9,56.7,58.1,77.8,0.4,50
"KysH",2016-02-02 13:02:59,2016-02-02 13:03:44,45,53.8,70.4,60.1,62.2,NA,0.8,50
"KysH",2016-02-02 13:24:32,2016-02-02 13:25:18,46,56.8,73.6,63.4,66.1,NA,0.6,50
"KysH",2016-02-02 13:28:57,2016-02-02 13:29:07,10,52.1,62.5,57.3,60.2,NA,2.2,50
"KysH",2016-02-02 13:35:01,2016-02-02 13:35:56,55,90.3,107.8,100.3,104.4,NA,2.2,51.77
"KysH",2016-02-02 13:36:05,2016-02-02 13:36:44,39,94.6,110.7,105.2,107.3,NA,4.3,50.99
"KysH",2016-02-02 13:36:44,2016-02-02 13:37:38,54,99.2,116.7,111.4,113.5,NA,2.8,50.99
"KysH",2016-02-02 13:37:38,2016-02-02 13:39:13,95,97,116.8,110.9,112.4,NA,2,50.99
"KysH",2016-02-02 13:39:13,2016-02-02 13:40:42,89,96.2,115.7,109.6,111.7,NA,1,50.99
"KysH",2016-02-02 13:40:42,2016-02-02 13:41:39,57,102.7,120.4,117,117.9,NA,2.3,50.99
"KysH",2016-02-02 13:41:39,2016-02-02 13:42:50,71,93.7,112.3,105,107.1,NA,1,50.99
"KysH",2016-02-02 13:42:50,2016-02-02 13:43:50,60,95.3,113.2,107.1,111.3,NA,1.3,50.99
"KysH",2016-02-02 13:43:50,2016-02-02 13:44:49,59,89.4,107.1,98.2,100.5,NA,1.5,50.99
"KysH",2016-02-02 13:44:49,2016-02-02 13:46:07,78,99.8,118.7,115,115.5,NA,1.1,50.99
"KysH",2016-02-02 13:46:07,2016-02-02 13:46:45,38,97.1,113,107.3,109.9,NA,2.5,50.99
"KysH",2016-02-02 13:46:45,2016-02-02 13:47:42,57,95.7,113.3,105.7,106.8,NA,1.8,50.99
"KysH",2016-02-02 13:47:42,2016-02-02 13:49:01,79,98.1,117.1,111.9,113.8,NA,1,50.99
"KysH",2016-02-02 13:49:01,2016-02-02 13:49:56,55,98.1,115.5,109.2,111.1,NA,1.9,50.99
"KysH",2016-02-02 13:49:56,2016-02-02 13:51:06,70,97.7,116.2,110.9,112.9,NA,2.4,50.99
"KysH",2016-02-02 13:51:06,2016-02-02 13:52:05,59,97.5,115.3,109,110.7,NA,2.1,50.99
"KysH",2016-02-02 13:52:15,2016-02-02 13:52:55,40,80.8,96.9,94,96.4,NA,3.4,51.15
"KysH",2016-02-02 13:53:07,2016-02-02 13:53:44,37,77.3,93.1,89.3,90.2,NA,3.3,51.15
"KysH",2016-02-02 13:54:18,2016-02-02 13:54:58,40,79.4,95.6,90.4,92.5,NA,3.4,51.02
"KysH",2016-02-02 13:55:17,2016-02-02 13:55:57,40,72.2,88.4,80.4,82.1,NA,2.4,51.02
"KysH",2016-02-02 13:56:07,2016-02-02 13:56:44,37,77.5,93.3,89,92.6,NA,3.5,51.02
"KysH",2016-02-02 13:57:17,2016-02-02 13:57:58,41,75,91.3,83.6,86.8,NA,2.6,51
"KysH",2016-02-02 13:58:13,2016-02-02 13:58:52,39,77.8,93.9,89.2,90.4,NA,3.3,50.95
"KysH",2016-02-02 13:59:05,2016-02-02 13:59:45,40,78.5,94.6,89.2,91.5,NA,3.2,50.88
"KysH",2016-02-02 14:00:23,2016-02-02 14:01:02,39,76.7,92.7,88.3,90.1,NA,3.2,50.88
"KysH",2016-02-02 14:01:14,2016-02-02 14:01:53,39,76.9,92.9,87.5,88.5,NA,3,50.84
"KysH",2016-02-02 14:01:56,2016-02-02 14:02:36,40,76.1,92.3,86.2,88.3,NA,2.8,50.84
"KysH",2016-02-02 14:03:27,2016-02-02 14:04:06,39,77.8,93.8,88.4,90.4,NA,2.9,50.84
"KysH",2016-02-02 14:04:14,2016-02-02 14:04:53,39,77.4,93.4,88.6,89.6,NA,3.4,50.84
"KysH",2016-02-02 14:05:08,2016-02-02 14:05:48,40,79.3,95.5,90.3,91.5,NA,3.2,50.84
"KysH",2016-02-02 14:06:30,2016-02-02 14:07:08,38,78.4,94.3,90.2,91.9,NA,3.2,50.82
"KysH",2016-02-02 14:09:30,2016-02-02 14:10:09,39,78.2,94.2,92,93.7,NA,3.3,50.82
"KysH",2016-02-02 14:10:17,2016-02-02 14:10:27,10,52.4,62.8,56.9,59.5,NA,0.6,50.82
"KysH",2016-02-02 14:11:43,2016-02-02 14:11:59,16,64.6,76.9,71.7,78.4,NA,7.7,50.82
"KysH",2016-02-02 14:12:41,2016-02-02 14:13:11,30,53.9,68.8,60.2,62.5,NA,0.1,50.82
"KysH",2016-02-02 14:13:23,2016-02-02 14:13:41,18,56.3,69.1,63,66.1,NA,4.8,50.82
"KysH",2016-02-02 14:13:46,2016-02-02 14:14:19,33,69.6,84.9,79,82.5,NA,3.9,50.82
"KysH",2016-02-02 14:40:12,2016-02-02 14:40:21,9,50.6,60.6,54.2,54.9,NA,1.5,50
"KysH",2016-02-02 14:51:11,2016-02-02 14:51:17,6,57,65.5,65,68.8,NA,3.3,50
"KysH",2019-06-18 21:10:29,2019-06-18 21:10:50,21,51.4,64.8,54.5,55.5,87.2,0.5,50
"KysH",2019-06-18 21:13:09,2019-06-18 21:14:15,66,89.5,107.8,101.5,104.4,120.9,1.8,50
"KysH",2019-06-18 21:14:15,2019-06-18 21:15:03,48,94.3,111.2,106,109.8,126.3,2.1,50
"KysH",2019-06-18 21:15:03,2019-06-18 21:15:52,49,100.8,117.8,112.2,114.3,128.5,2.7,50
"KysH",2019-06-18 21:15:52,2019-06-18 21:16:57,65,102.7,120.9,117.3,118.9,135.2,1.2,50
"KysH",2019-06-18 21:16:57,2019-06-18 21:17:46,49,96.9,113.9,109.9,114,129.3,1.1,50
"KysH",2019-06-18 21:17:46,2019-06-18 21:18:57,71,103.3,121.9,116.9,119,135.1,1.3,50
"KysH",2019-06-18 21:18:57,2019-06-18 21:19:41,44,100.2,116.7,112.8,114.5,131.4,2.8,50
"KysH",2019-06-18 21:19:41,2019-06-18 21:20:46,65,98.2,116.4,113.7,117,132.1,1.7,50
"KysH",2019-06-18 21:20:46,2019-06-18 21:21:38,52,102.6,119.9,114.4,117.8,132.6,2.4,50
"KysH",2019-06-18 21:21:38,2019-06-18 21:22:25,47,104.4,121.3,116.9,118.1,133.3,2.2,50
"KysH",2019-06-18 21:22:25,2019-06-18 21:23:26,61,95.1,113,107.3,109.4,124.1,0.9,50
"KysH",2019-06-18 21:23:26,2019-06-18 21:24:20,54,101.1,118.5,114.1,117.2,132.6,1.4,50
"KysH",2019-06-18 21:24:20,2019-06-18 21:25:03,43,105.1,121.5,116.8,117.9,132.9,1.6,50
"KysH",2019-06-18 21:25:03,2019-06-18 21:26:07,64,94.1,112.2,107.2,109.7,126.2,1.2,50
"KysH",2019-06-18 21:26:07,2019-06-18 21:27:07,60,100.3,118.2,113.5,116.1,131.3,1.5,50
"KysH",2019-06-18 21:27:07,2019-06-18 21:27:50,43,105.2,121.6,117,118.2,132.9,2,50
"KysH",2019-06-18 21:27:50,2019-06-18 21:28:50,60,95.3,113.2,109.4,113.2,127.6,1.1,50
"KysH",2019-06-18 21:28:50,2019-06-18 21:29:49,59,99.2,116.9,113.1,114.9,132,1.2,50
"KysH",2019-06-18 21:29:49,2019-06-18 21:30:40,51,102.6,119.7,116,118.2,135.4,2.1,50
"KysH",2019-06-18 21:30:40,2019-06-18 21:31:24,44,104,120.5,116.2,117.9,133.5,1.9,50
"KysH",2019-06-18 21:31:24,2019-06-18 21:32:34,70,98.8,117.3,111.6,114.6,129.3,1.3,50
"KysH",2019-06-18 21:32:34,2019-06-18 21:33:14,40,102.4,118.5,114.3,115.8,130.6,2.5,50
"KysH",2019-06-18 21:33:14,2019-06-18 21:34:24,70,97.7,116.2,110.6,113.1,126.9,2,50
"KysH",2019-06-18 21:34:24,2019-06-18 21:35:23,59,101.5,119.2,114.9,118.2,134.2,1.6,50
"KysH",2019-06-18 21:35:23,2019-06-18 21:35:59,36,102.3,118,112.3,114,129,1.9,50
"KysH",2019-06-18 21:35:59,2019-06-18 21:37:13,74,96.3,115.1,108.3,111.8,128.4,2,50
"KysH",2019-06-18 21:37:13,2019-06-18 21:37:43,30,103.3,118.2,112.1,114.6,130.1,2.7,50
"KysH",2019-06-18 21:37:43,2019-06-18 21:38:47,64,95,113.2,107,109.3,124.4,1,50
"KysH",2019-06-18 21:38:47,2019-06-18 21:40:54,127,91.5,112.6,107.2,110.2,125.2,2.5,50
"KysH",2019-06-18 22:01:22,2019-06-18 22:02:21,59,86.4,104.2,96.5,99,116.6,2.3,50
"KysH",2019-06-18 22:02:36,2019-06-18 22:02:42,6,50.2,58.6,53.7,56.1,78.2,0.7,50
"KysH",2019-06-18 22:03:00,2019-06-18 22:05:07,127,98.7,119.8,113.8,117.1,132.2,1.3,50
"KysH",2019-06-18 22:05:07,2019-06-18 22:06:04,57,84.4,102,94.3,96.7,112,2.2,50
"KysH",2019-06-18 22:06:04,2019-06-18 22:07:32,88,96.5,116,108.9,112,127.5,1.2,50
"KysH",2019-06-18 22:07:32,2019-06-18 22:08:20,48,105.3,122.2,117.9,119.3,134.6,1.9,50
"KysH",2019-06-18 22:08:20,2019-06-18 22:09:30,70,94.6,113.1,108.8,111,129.1,1,50
"KysH",2019-06-18 22:09:30,2019-06-18 22:10:49,79,95.9,114.9,110.4,112.7,130,1,50
"KysH",2019-06-18 22:10:49,2019-06-18 22:11:22,33,105.2,120.5,118.2,120.3,135.3,1.6,50
"KysH",2019-06-18 22:11:22,2019-06-18 22:12:08,46,101.4,118.2,112.8,114.4,129.9,2.8,50
"KysH",2019-06-18 22:12:08,2019-06-18 22:13:12,64,99.1,117.3,113.6,114.9,130.4,2,50
"KysH",2019-06-18 22:13:12,2019-06-18 22:14:15,63,103,121.1,117.4,120.4,134.6,3.6,50
"KysH",2019-06-18 22:14:15,2019-06-18 22:14:46,31,98.6,113.6,107.7,109.4,125.6,1.9,50
"KysH",2019-06-18 22:14:46,2019-06-18 22:15:33,47,103.9,120.8,117.2,120,135,2.3,50
"KysH",2019-06-18 22:15:33,2019-06-18 22:16:24,51,103.6,120.7,116.6,118.8,133,1.9,50
"KysH",2019-06-18 22:16:24,2019-06-18 22:17:39,75,98.7,117.6,113.6,115.7,132.7,1.1,50
"KysH",2019-06-18 22:17:39,2019-06-18 22:18:07,28,104.6,119.2,113.4,116.4,132.9,2.5,50
"KysH",2019-06-18 22:18:07,2019-06-18 22:18:55,48,101.4,118.3,113.1,115.6,131.4,1.1,50
"KysH",2019-06-18 22:18:55,2019-06-18 22:19:49,54,95.2,112.7,107.4,110.4,126.6,1,50
"KysH",2019-06-18 22:19:49,2019-06-18 22:20:54,65,99.1,117.3,112.9,114.6,128.9,1.1,50
"KysH",2019-06-18 22:20:54,2019-06-18 22:21:40,46,103.2,120,114.9,116.9,134,1.3,50
"KysH",2019-06-18 22:21:40,2019-06-18 22:22:25,45,102.4,119,114.7,115.9,132.4,1.7,50
"KysH",2019-06-18 22:22:25,2019-06-18 22:23:25,60,101.1,119,115.7,116.9,131.7,1,50
"KysH",2019-06-18 22:23:25,2019-06-18 22:24:18,53,100.3,117.6,112.5,116.1,131.9,1.4,50
"KysH",2019-06-18 22:24:18,2019-06-18 22:25:12,54,95.4,112.8,105.5,108.4,124.6,1,50
"KysH",2019-06-18 22:25:12,2019-06-18 22:26:00,48,91.9,108.8,101.8,104.7,118.3,1.8,50
"KysH",2019-06-18 22:26:00,2019-06-18 22:26:42,42,96.9,113.2,105.6,107.9,124.8,1.4,50
"KysH",2019-06-18 22:26:42,2019-06-18 22:27:36,54,100,117.4,112,113.9,130.3,1.5,50
"KysH",2019-06-18 22:27:36,2019-06-18 22:28:32,56,100.7,118.2,113.9,115.4,132.2,0.9,50
"KysH",2019-06-18 22:28:32,2019-06-18 22:29:10,38,92.8,108.7,102.5,105,118.8,0.9,50
"KysH",2019-06-18 22:29:10,2019-06-18 22:30:16,66,97.7,116,110.6,112.8,128,0.9,50
"KysH",2019-06-18 22:30:16,2019-06-18 22:31:22,66,96,114.2,109.5,111,127.6,2.1,50
"KysH",2019-06-18 22:31:22,2019-06-18 22:32:04,42,97.3,113.6,105.6,108.1,126.4,1.5,50
"KysH",2019-06-18 22:32:04,2019-06-18 22:32:49,45,96,112.6,104.7,107,124,1.4,50
"KysH",2019-06-18 22:32:49,2019-06-18 22:33:42,53,96.1,113.4,106.7,110.8,126.4,1.1,50
"KysH",2019-06-18 22:33:42,2019-06-18 22:34:32,50,97,114,108.8,111.5,125.7,1.3,50
"KysH",2019-06-18 22:34:32,2019-06-18 22:35:37,65,101.7,119.9,115.8,117.1,131.7,1.1,50
"KysH",2019-06-18 22:35:37,2019-06-18 22:36:17,40,93.2,109.3,103.7,105.7,121.3,1.6,50
"KysH",2019-06-18 22:36:17,2019-06-18 22:37:57,100,96.4,116.4,112.7,113.9,130.5,1.1,50
"KysH",2019-06-18 22:37:57,2019-06-18 22:38:58,61,98.1,116.1,108.6,111.4,127.5,1.3,50
"KysH",2019-06-18 22:38:58,2019-06-18 22:39:36,38,95.9,111.8,106.7,110.4,126.4,2.2,50
"KysH",2019-06-18 22:39:36,2019-06-18 22:40:34,58,95.8,113.5,109.2,111.9,127,0.9,50
"KysH",2019-06-18 22:40:34,2019-06-18 22:41:34,60,98.9,116.7,109.7,111.6,127.7,1.1,50
"KysH",2019-06-18 22:41:34,2019-06-18 22:42:27,53,100.1,117.4,112.8,114.6,130.3,1.2,50
"KysH",2019-06-18 22:42:27,2019-06-18 22:43:54,87,91.7,111.2,105.2,108.2,124.2,1.8,50
"KysH",2019-06-18 22:43:54,2019-06-18 22:44:56,62,99.2,117.2,111.5,114.6,129.5,1.4,50
"KysH",2019-06-18 22:44:56,2019-06-18 22:45:57,61,96.2,114.1,110.8,113.7,129,1.3,50
"KysH",2019-06-18 22:45:57,2019-06-18 22:47:34,97,96,115.9,112.1,113.7,130.2,2.8,50
"KysH",2019-06-18 22:47:34,2019-06-18 22:48:18,44,98,114.6,109.4,111.4,126.4,2.5,50
"KysH",2019-06-18 22:48:18,2019-06-18 22:49:32,74,74.8,93.6,83.4,85.2,104.6,0.5,50
"KysH",2019-06-18 22:49:32,2019-06-18 22:53:46,254,89.9,113.9,107.9,109.3,125.4,0.5,50
"KysH",2019-06-18 22:53:46,2019-06-18 22:56:32,166,84.8,107,102,105.8,123.2,1,50
"KysH",2019-06-18 22:56:32,2019-06-18 22:59:39,187,92.4,115.2,111.3,114.5,129.5,0.6,50
"KysH",2019-06-18 22:59:39,2019-06-18 23:00:21,42,58.3,74.6,65.6,67.2,85.4,0.4,50
"KysH",2019-06-18 23:00:21,2019-06-18 23:03:17,176,93.7,116.1,112.6,116,131.4,0.9,50
"KysH",2019-06-18 23:03:17,2019-06-18 23:06:34,197,82.3,105.2,97.9,100.5,116.5,0.4,50
"KysH",2019-06-18 23:06:34,2019-06-18 23:10:17,223,88.2,111.7,107.9,111.3,127.4,0.6,50
"KysH",2019-06-18 23:10:17,2019-06-18 23:12:51,154,90,111.9,108.8,110.8,126.3,1,50
"KysH",2019-06-18 23:12:51,2019-06-18 23:13:28,37,60.3,76.1,68.5,71.4,89.2,0.7,50
"KysH",2019-06-18 23:13:28,2019-06-18 23:16:02,154,82,103.9,96.2,NA,NA,0.9,50
"KysH",2019-06-18 23:40:04,2019-06-18 23:42:56,172,53.7,76.1,58.5,59.6,95.8,0.1,50
"KysH",2019-06-18 23:43:26,2019-06-18 23:44:32,66,73.2,91.4,83.1,86.5,102.8,1.6,50
"KysH",2019-06-18 23:44:32,2019-06-18 23:45:19,47,81.2,98,91.4,93.4,109,1.5,50
"KysH",2019-06-18 23:45:19,2019-06-18 23:46:02,43,97,113.5,111.2,114.5,129.2,3.1,50
"KysH",2019-06-18 23:46:02,2019-06-18 23:47:31,89,89.3,108.9,102.8,105.2,120.8,0.7,50
"KysH",2019-06-18 23:47:31,2019-06-18 23:48:41,70,90.4,108.9,104.2,107.8,125.2,0.6,50
"KysH",2019-06-18 23:48:41,2019-06-18 23:49:41,60,77.1,95,85.5,88.6,107.6,0.5,50
"KysH",2019-06-18 23:49:41,2019-06-18 23:50:30,49,98.1,115.1,109.8,112.7,126.7,2.1,50
"KysH",2019-06-18 23:50:30,2019-06-18 23:52:45,135,97.5,118.8,115.3,117.7,133.4,1,50
"KysH",2019-06-18 23:52:45,2019-06-18 23:53:39,54,93.8,111.2,103.9,107,121.6,1.4,50
"KysH",2019-06-18 23:53:39,2019-06-18 23:54:20,41,96.7,112.9,110.5,112.6,129.5,2.5,50
"KysH",2019-06-18 23:54:20,2019-06-18 23:55:13,53,91.4,108.8,102.4,104.4,119.8,1,50
"KysH",2019-06-18 23:55:13,2019-06-18 23:55:37,24,102.8,116.8,113.6,115.6,130.3,2.3,50
"KysH",2019-06-18 23:55:37,2019-06-18 23:56:55,78,93.5,112.4,104.1,107,123.9,0.6,50
"KysH",2019-06-18 23:56:55,2019-06-18 23:58:10,75,103.9,122.7,119.8,121.1,136.2,2.4,50
"KysH",2019-06-18 23:58:10,2019-06-18 23:59:04,54,97.1,114.5,110.3,112.3,127.4,1.9,50
"KysH",2019-06-18 23:59:04,2019-06-18 23:59:59,55,101.2,118.7,112.4,115.8,132.1,0.9,50
"KysH",2019-06-19 00:00:31,2019-06-19 00:00:49,18,104.9,117.7,114,NA,NA,NA,50
"KysH",2019-06-19 00:00:49,2019-06-19 00:01:50,61,93.6,111.6,105.4,108.1,123.5,1.1,50
"KysH",2019-06-19 00:01:50,2019-06-19 00:02:36,46,99.4,116.2,112.8,115.6,131.2,1.9,50
"KysH",2019-06-19 00:02:36,2019-06-19 00:03:48,72,97.3,115.9,109.4,110.7,127,1.1,50
"KysH",2019-06-19 00:03:48,2019-06-19 00:04:28,40,97.7,113.9,107.2,109.7,126.6,2.2,50
"KysH",2019-06-19 00:04:28,2019-06-19 00:05:07,39,94.5,110.5,105.7,108.8,124.8,2.3,50
"KysH",2019-06-19 00:05:07,2019-06-19 00:06:18,71,93,111.6,107.3,111,126.8,0.7,50
"KysH",2019-06-19 00:06:18,2019-06-19 00:07:21,63,100.4,118.5,113.2,114.6,130,1.5,50
"KysH",2019-06-19 00:07:21,2019-06-19 00:07:57,36,102.1,117.7,114.6,117.4,132.1,2.2,50
"KysH",2019-06-19 00:07:57,2019-06-19 00:08:42,45,98.1,114.7,108.7,113.3,127.3,1.1,50
"KysH",2019-06-19 00:08:42,2019-06-19 00:09:56,74,93.2,111.9,108.3,111.9,125.3,0.7,50
"KysH",2019-06-19 00:09:56,2019-06-19 00:10:51,55,91.4,108.9,103.6,107.1,120.1,0.9,50
"KysH",2019-06-19 00:10:51,2019-06-19 00:11:32,41,105.6,121.8,117.3,119.3,134.9,2.1,50
"KysH",2019-06-19 00:11:32,2019-06-19 00:12:17,45,96.3,112.9,107.8,110.1,124.9,2.1,50
"KysH",2019-06-19 00:12:17,2019-06-19 00:13:20,63,97.5,115.5,109.2,113.8,128.8,1.3,50
"KysH",2019-06-19 00:13:20,2019-06-19 00:14:26,66,103.2,121.5,116.6,119.1,133.9,1.2,50
"KysH",2019-06-19 00:14:26,2019-06-19 00:15:08,42,96.6,113,106.9,108.7,123.8,1.3,50
"KysH",2019-06-19 00:15:08,2019-06-19 00:15:50,42,95.5,111.9,104.7,107.8,121.6,2,50
"KysH",2019-06-19 00:15:50,2019-06-19 00:16:56,66,99.4,117.7,115.2,118,131.8,1.3,50
"KysH",2019-06-19 00:16:56,2019-06-19 00:17:56,60,98.6,116.4,110.8,112.5,128.6,1.3,50
"KysH",2019-06-19 00:17:56,2019-06-19 00:18:33,37,103.5,119.3,114.4,116.3,132.1,3,50
"KysH",2019-06-19 00:18:33,2019-06-19 00:19:12,39,98.7,114.7,110.1,110.9,127.2,2.1,50
"KysH",2019-06-19 00:19:12,2019-06-19 00:20:18,66,92.2,110.4,103.7,107.3,127.8,0.8,50
"KysH",2019-06-19 00:20:18,2019-06-19 00:22:18,120,73.7,94.5,84,85.4,104.1,0.4,50
"KysH",2019-06-19 00:22:24,2019-06-19 00:22:38,14,50.8,62.6,53.3,53.9,80.5,0.9,50
"KysH",2019-06-19 00:22:39,2019-06-19 00:22:57,18,51,63.8,53.2,53.9,77.2,0.6,50
"KysH",2019-06-19 00:23:03,2019-06-19 00:23:09,6,49.9,58.4,50.7,52.4,79.4,0,50
"KysH",2019-06-19 00:23:22,2019-06-19 00:23:28,6,49.3,57.7,50.5,51.8,73.3,0.2,50
"KysH",2019-06-20 16:10:15,2019-06-20 16:11:01,46,76.3,93,86.5,87.1,102.4,3.6,50
"KysH",2019-06-20 16:11:32,2019-06-20 16:13:43,131,94.1,115.4,111.1,112.5,127.1,1.8,50
"KysH",2019-06-20 16:13:55,2019-06-20 16:14:33,38,78.2,94.2,86.4,87.8,101.6,2.1,50
"KysH",2019-06-20 16:14:33,2019-06-20 16:15:39,66,98.9,117.2,111.7,113.2,126.7,1.5,50
"KysH",2019-06-20 16:15:39,2019-06-20 16:16:23,44,96.8,113.3,107.6,108.8,122.8,2.2,50
"KysH",2019-06-20 16:16:23,2019-06-20 16:17:11,48,96.3,113.2,107.8,109.6,124.5,2.4,50
"KysH",2019-06-20 16:17:11,2019-06-20 16:18:15,64,88.4,106.5,99,100.4,116.4,0.8,50
"KysH",2019-06-20 16:18:15,2019-06-20 16:18:55,40,93.9,110,104.1,105.8,119.6,1.9,50
"KysH",2019-06-20 16:18:55,2019-06-20 16:19:34,39,96.4,112.5,105.6,106.7,121.9,1.3,50
"KysH",2019-06-20 16:19:34,2019-06-20 16:20:13,39,102.1,118.1,113.2,114.7,128.3,3.5,50
"KysH",2019-06-20 16:20:13,2019-06-20 16:21:24,71,85.1,103.7,95.3,97.5,113.5,0.7,50
"KysH",2019-06-20 16:21:24,2019-06-20 16:22:14,50,90.8,107.9,101.7,102.6,116,1.3,50
"KysH",2019-06-20 16:22:14,2019-06-20 16:22:57,43,98.3,114.8,109.3,110.9,126.3,2.5,50
"KysH",2019-06-20 16:22:57,2019-06-20 16:24:01,64,101,119.1,115.6,116.7,130.6,1.4,50
"KysH",2019-06-20 16:24:01,2019-06-20 16:24:51,50,88.8,105.9,99.7,100.8,115.1,1.6,50
"KysH",2019-06-20 16:24:51,2019-06-20 16:25:38,47,98.5,115.3,109.9,110.9,125.7,1.7,50
"KysH",2019-06-20 16:25:38,2019-06-20 16:26:29,51,98.3,115.4,112,112.8,127.3,2.7,50
"KysH",2019-06-20 16:26:29,2019-06-20 16:27:07,38,93.7,109.6,103.4,104.6,120.7,2,50
"KysH",2019-06-20 16:27:07,2019-06-20 16:28:01,54,96.7,114.1,108.5,109.9,123.6,2.7,50
"KysH",2019-06-20 16:28:01,2019-06-20 16:28:51,50,100,117,112.7,113.8,127.8,2.3,50
"KysH",2019-06-20 16:28:51,2019-06-20 16:29:49,58,97.3,115,109.6,111.4,125.5,2.6,50
"KysH",2019-06-20 16:29:49,2019-06-20 16:30:36,47,97.8,114.6,108.1,109.4,126.8,2.2,50
"KysH",2019-06-20 16:30:36,2019-06-20 16:31:19,43,92.9,109.3,101.6,103.2,119.4,2.1,50
"KysH",2019-06-20 16:31:19,2019-06-20 16:32:00,41,98.9,115.1,108.5,109.9,125.1,2.3,50
"KysH",2019-06-20 16:32:00,2019-06-20 16:32:42,42,94.5,110.8,104.4,105.5,120.4,1.5,50
"KysH",2019-06-20 16:32:42,2019-06-20 16:33:47,65,92.2,110.4,103.3,104.5,119.1,0.8,50
"KysH",2019-06-20 16:33:47,2019-06-20 16:34:37,50,83.4,100.5,89.4,90.6,107.2,0.7,50
"KysH",2019-06-20 16:34:37,2019-06-20 16:35:26,49,99.8,116.8,112.5,113.1,129.1,3.3,50
"KysH",2019-06-20 16:35:26,2019-06-20 16:36:20,54,95,112.4,104.2,106,121.6,1.7,50
"KysH",2019-06-20 16:36:20,2019-06-20 16:37:08,48,95.8,112.7,105.9,107.2,123.6,2.1,50
"KysH",2019-06-20 16:37:08,2019-06-20 16:37:51,43,99.4,115.9,110.2,110.8,125.6,2.7,50
"KysH",2019-06-20 16:37:51,2019-06-20 16:38:44,53,98.7,116.1,111.3,112.2,127.8,2.5,50
"KysH",2019-06-20 16:38:44,2019-06-20 16:39:35,51,100.1,117.2,113.4,114.2,127.7,2.4,50
"KysH",2019-06-20 16:39:35,2019-06-20 16:40:22,47,96.5,113.3,107.3,108.7,124.3,2.3,50
"KysH",2019-06-20 16:40:22,2019-06-20 16:41:05,43,96.4,112.8,106.3,107.6,123.9,2.4,50
"KysH",2019-06-20 16:41:05,2019-06-20 16:41:49,44,97.2,113.8,107.8,109.3,125.2,2.6,50
"KysH",2019-06-20 16:41:49,2019-06-20 16:42:40,51,94.5,111.7,103.8,106,123.3,2.4,50
"KysH",2019-06-20 16:42:40,2019-06-20 16:43:24,44,93.1,109.6,103.7,105.8,121.7,1.6,50
"KysH",2019-06-20 16:43:24,2019-06-20 16:44:12,48,93.7,110.6,105.1,106.7,121.6,1.6,50
"KysH",2019-06-20 16:44:12,2019-06-20 16:44:56,44,93.8,110.3,104.9,106.3,122.9,1.6,50
"KysH",2019-06-20 16:44:56,2019-06-20 16:45:40,44,98.2,114.8,110.1,110.6,127.1,2.5,50
"KysH",2019-06-20 16:45:40,2019-06-20 16:46:37,57,93.4,111,105.3,106.6,123.6,1,50
"KysH",2019-06-20 16:46:37,2019-06-20 16:47:30,53,99.1,116.4,111.2,112.2,126.2,1.7,50
"KysH",2019-06-20 16:47:30,2019-06-20 16:48:12,42,99.1,115.5,110.6,111.6,125.8,2.5,50
"KysH",2019-06-20 16:48:12,2019-06-20 16:48:49,37,99.4,115.2,109.9,111,127.5,2.4,50
"KysH",2019-06-20 16:48:49,2019-06-20 16:49:50,61,92,109.9,102.7,103.4,120.2,1.1,50
"KysH",2019-06-20 16:49:50,2019-06-20 16:52:05,135,88.6,109.9,104.4,105.4,120.8,0.6,50
"KysH",2019-06-20 16:52:31,2019-06-20 16:52:41,10,51,61.4,55.8,56.9,74,0,50
"KysH",2019-06-20 17:41:15,2019-06-20 17:41:25,10,51.7,62.1,57.4,63.6,76.2,2,50
"KysH",2019-06-20 17:41:26,2019-06-20 17:41:51,25,52.7,66.9,57.2,63.4,76,0.8,50
"KysH",2019-06-20 17:42:09,2019-06-20 17:42:47,38,52.7,68.7,58.5,65.2,77.7,0.4,50
"KysH",2019-06-20 17:43:54,2019-06-20 17:44:05,11,50.3,61.1,53.9,56.4,79.4,1.2,50
"KysH",2019-06-20 17:46:32,2019-06-20 17:46:50,18,51,63.8,53.5,60.5,72.6,1.1,50
"KysH",2019-06-20 17:46:58,2019-06-20 17:48:11,73,56.1,74.7,63.8,70,81.2,2.6,50
"KysH",2019-06-20 17:49:18,2019-06-20 17:49:44,26,52.3,66.6,55.9,63.6,74.7,0.2,50
"KysH",2019-06-20 17:49:45,2019-06-20 17:51:18,93,52.5,72.2,56.4,62.5,80,0.1,50
"KysH",2019-06-20 17:51:29,2019-06-20 17:52:56,87,73.1,92.6,86.9,87.7,100.2,1.6,50
"KysH",2019-06-20 17:52:58,2019-06-20 17:55:05,127,87.3,108.4,104,104.6,119.2,1.6,50
"KysH",2019-06-20 17:55:25,2019-06-20 17:58:00,155,89.7,111.7,105.6,106.2,120.8,0.9,51.8
"KysH",2019-06-20 17:58:00,2019-06-20 18:00:50,170,91.8,114.1,108.5,109.5,125.2,0.7,51.8
"KysH",2019-06-20 18:00:54,2019-06-20 18:01:42,48,74,90.9,81.2,82.6,99.5,2.2,56.5
"KysH",2019-06-20 18:01:42,2019-06-20 18:02:44,62,93.2,111.2,105.4,105.8,120.7,1.4,56.5
"KysH",2019-06-20 18:02:44,2019-06-20 18:03:44,60,99.4,117.3,112.3,113.8,127.7,1.5,56.5
"KysH",2019-06-20 18:03:44,2019-06-20 18:05:37,113,93.8,114.3,107.6,108.6,123.5,0.5,56.5
"KysH",2019-06-20 18:05:37,2019-06-20 18:07:21,104,98.3,118.5,114.1,114.7,130,1.6,56.5
"KysH",2019-06-20 18:07:21,2019-06-20 18:08:37,76,92.5,111.4,105,105.9,121.8,1.2,56.5
"KysH",2019-06-20 18:08:37,2019-06-20 18:10:12,95,85.5,105.3,98,99.2,113.3,1.5,56.5
"KysH",2019-06-20 18:10:29,2019-06-20 18:11:34,65,94,112.2,106.2,107.5,120.5,1.5,56.7
"KysH",2019-06-20 18:11:34,2019-06-20 18:13:09,95,97.8,117.6,113.1,114.5,129.2,2.9,56.7
"KysH",2019-06-20 18:13:18,2019-06-20 18:14:26,68,97.4,115.8,110,110.8,125.9,1.6,58.1
"KysH",2019-06-20 18:14:26,2019-06-20 18:15:39,73,97.4,116.1,111.4,112.7,126.9,2.8,58.1
"KysH",2019-06-20 18:15:40,2019-06-20 18:15:56,16,58.8,71.1,60.5,61.6,78.2,0.1,58.4
"KysH",2019-06-20 18:16:14,2019-06-20 18:17:18,64,97.1,115.2,110.3,111.2,125.6,1.7,57.3
"KysH",2019-06-20 18:17:18,2019-06-20 18:18:59,101,91.9,111.9,106.7,108.4,123.5,2.4,57.3
"KysH",2019-06-20 18:19:11,2019-06-20 18:20:20,69,96.1,114.6,109,109.8,125.2,1.6,54.5
"KysH",2019-06-20 18:20:20,2019-06-20 18:22:20,120,97.1,117.9,113.4,115.1,130.2,2.7,54.5
"KysH",2019-06-20 18:23:06,2019-06-20 18:25:03,117,92,112.8,108.3,109.8,125.6,1.6,53.3
"KysH",2019-06-20 18:25:56,2019-06-20 18:27:48,112,97.3,117.8,113.2,115.6,129.9,1.5,51.2
"KysH",2019-06-20 18:27:48,2019-06-20 18:29:24,96,95.2,115.1,109.7,110.4,124.7,1,51.2
"KysH",2019-06-20 18:29:24,2019-06-20 18:30:54,90,94.3,113.9,108.7,111.2,127.8,2.5,51.2
"KysH",2019-06-20 18:31:22,2019-06-20 18:33:32,130,92,113.2,107.6,108.9,123.6,1.2,50
"KysH",2019-06-20 18:34:38,2019-06-20 18:36:38,120,95.4,116.2,112.2,113.4,127.4,1.6,50
"KysH",2019-06-20 18:37:21,2019-06-20 18:39:32,131,91,112.2,107.1,107.6,122.8,1.3,50
"KysH",2019-06-20 18:39:58,2019-06-20 18:42:32,154,93.4,115.3,110.1,111.4,127.6,0.9,50
"KysH",2019-06-20 18:43:26,2019-06-20 18:45:42,136,91.4,112.8,106.3,107.3,121.6,1.4,50
"KysH",2019-06-20 21:45:32,2019-06-20 21:46:22,50,90.6,107.7,100.8,104.7,120.4,3.3,50
"KysH",2019-06-20 21:47:06,2019-06-20 21:48:13,67,96.2,114.5,107.9,110.1,126.7,1.8,58.4
"KysH",2019-06-20 21:48:13,2019-06-20 21:49:25,72,74.6,93.3,80.7,82.1,101.9,2.1,58.4
"KysH",2019-06-20 21:49:25,2019-06-20 21:50:04,39,79.7,95.7,90.2,92.4,106,1.5,58.4
"KysH",2019-06-20 21:50:04,2019-06-20 21:50:41,37,98.3,114.1,107.2,109.6,126,1.6,58.4
"KysH",2019-06-20 21:50:41,2019-06-20 21:52:01,80,94.8,113.9,108.2,110.1,125,0.9,58.4
"KysH",2019-06-20 21:52:01,2019-06-20 21:52:53,52,78.7,95.9,85.4,87.3,106.3,0.9,58.4
"KysH",2019-06-20 21:52:53,2019-06-20 21:53:57,64,92,110.1,104.3,106.1,122.8,1.2,58.4
"KysH",2019-06-20 21:53:57,2019-06-20 21:54:55,58,96.3,114,107.9,110.6,126.6,0.9,58.4
"KysH",2019-06-20 21:54:55,2019-06-20 21:55:51,56,81.7,99.3,91.4,93.7,109.2,0.7,58.4
"KysH",2019-06-20 21:55:51,2019-06-20 21:56:28,37,101.7,117.5,113.2,115.9,129.8,2.2,58.4
"KysH",2019-06-20 21:56:28,2019-06-20 21:57:20,52,95.1,112.3,107.9,110.9,125.1,1.3,58.4
"KysH",2019-06-20 21:57:20,2019-06-20 21:58:15,55,94.2,111.7,105.1,108,124.6,1.5,58.4
"KysH",2019-06-20 21:58:15,2019-06-20 21:58:56,41,97.5,113.7,106.2,108.2,124.6,1.1,58.4
"KysH",2019-06-20 21:58:56,2019-06-20 21:59:50,54,99.6,117,110.8,113,127.5,1.5,58.4
"KysH",2019-06-20 21:59:50,2019-06-20 22:00:40,50,93.7,110.8,106,109.2,124.9,1.4,58.4
"KysH",2019-06-20 22:00:40,2019-06-20 22:01:38,58,98.2,116,110.5,113.3,129.4,1.6,58.4
"KysH",2019-06-20 22:01:38,2019-06-20 22:02:19,41,98.2,114.5,108.9,110.5,125.8,2,58.4
"KysH",2019-06-20 22:02:19,2019-06-20 22:03:16,57,97.8,115.4,108.5,111.4,126.6,1.4,58.4
"KysH",2019-06-20 22:03:16,2019-06-20 22:03:59,43,97.9,114.3,108.9,110.5,124.8,1.4,58.4
"KysH",2019-06-20 22:03:59,2019-06-20 22:05:03,64,95.1,113.3,107.7,110.6,126.6,1.3,58.4
"KysH",2019-06-20 22:05:03,2019-06-20 22:05:31,28,100.9,115.5,110.6,112.2,128.9,2.2,58.4
"KysH",2019-06-20 22:05:31,2019-06-20 22:06:35,64,96.3,114.4,109.1,110.4,125.6,1.1,58.4
"KysH",2019-06-20 22:06:35,2019-06-20 22:07:21,46,91.2,107.9,99.7,102.8,117.9,0.9,58.4
"KysH",2019-06-20 22:07:21,2019-06-20 22:08:17,56,100.3,117.9,114.7,118,134,1.9,58.4
"KysH",2019-06-20 22:08:17,2019-06-20 22:08:47,30,98.9,113.8,108.3,109.8,125,1.7,58.4
"KysH",2019-06-20 22:08:47,2019-06-20 22:09:53,66,98,116.3,111.3,113.5,128.4,0.7,58.4
"KysH",2019-06-20 22:09:53,2019-06-20 22:10:45,52,95.2,112.4,107.2,111.6,127.3,1.5,58.4
"KysH",2019-06-20 22:10:45,2019-06-20 22:11:26,41,97.5,113.8,107.8,108.6,123.3,1.5,58.4
"KysH",2019-06-20 22:11:26,2019-06-20 22:12:17,51,97.4,114.6,109.5,111.4,126.9,1,58.4
"KysH",2019-06-20 22:12:17,2019-06-20 22:13:06,49,92.9,109.9,102.5,105.4,122.5,0.5,58.4
"KysH",2019-06-20 22:13:06,2019-06-20 22:14:09,63,89.2,107.3,101.4,103.2,119.6,1,58.4
"KysH",2019-06-20 22:14:09,2019-06-20 22:15:05,56,98,115.6,112.8,114.8,129.4,1.3,58.4
"KysH",2019-06-20 22:15:05,2019-06-20 22:15:52,47,98.3,115.1,109.5,111.4,127.2,1.9,58.4
"KysH",2019-06-20 22:15:52,2019-06-20 22:16:24,32,95.2,110.4,104.6,106.2,119.6,1.8,58.4
"KysH",2019-06-20 22:16:24,2019-06-20 22:17:19,55,94.5,112,104.4,105.8,122.4,1.2,58.4
"KysH",2019-06-20 22:17:19,2019-06-20 22:18:25,66,96.4,114.7,109.7,112.9,127.7,1.2,58.4
"KysH",2019-06-20 22:18:25,2019-06-20 22:19:39,74,96.5,115.3,111,114.4,130.9,1.7,58.4
"KysH",2019-06-20 22:19:39,2019-06-20 22:20:21,42,95.7,112,106.7,108.2,124.3,2.7,58.4
"KysH",2019-06-20 22:20:21,2019-06-20 22:21:20,59,92,109.8,102.5,105.1,120.5,0.7,58.4
"KysH",2019-06-20 22:21:20,2019-06-20 22:22:11,51,99.4,116.6,112.6,114.1,129.6,1.9,58.4
"KysH",2019-06-20 22:22:11,2019-06-20 22:24:09,118,92.7,113.4,105.8,108.3,123.1,0.9,58.4
"KysH",2019-06-20 22:24:09,2019-06-20 22:25:01,52,97.7,114.9,110,113,129.1,1.8,58.4
"KysH",2019-06-20 22:25:01,2019-06-20 22:26:30,89,87.3,106.8,99.6,102.8,119.3,0.5,58.4
"KysH",2019-06-20 22:26:30,2019-06-20 22:28:34,124,94.1,115,109.2,111.3,127.2,1.2,58.4
"KysH",2019-06-20 22:34:08,2019-06-20 22:34:50,42,81.7,98,91.2,93.8,107,3.4,58.4
"KysH",2019-06-20 22:35:49,2019-06-20 22:38:06,137,83.7,105.1,96.7,99.8,114.6,0.9,58.4
"KysH",2019-06-20 22:39:11,2019-06-20 22:41:27,136,93.3,114.7,109.4,110.7,126.1,1.7,58.4
"KysH",2019-06-20 22:42:50,2019-06-20 22:44:52,122,89.4,110.3,105.8,110.1,125.8,1.6,58.4
"KysH",2019-06-20 22:46:07,2019-06-20 22:48:16,129,91.9,113,108.1,111.6,129.3,1.5,58.4
"KysH",2019-06-20 22:49:24,2019-06-20 22:51:14,110,88.3,108.8,102.5,105.6,121.3,1.4,65.4
"KysH",2019-06-20 22:51:14,2019-06-20 22:52:39,85,86.2,105.6,99.3,102.4,116.3,1.5,65.4
"KysH",2019-06-20 22:52:39,2019-06-20 22:53:20,41,93.6,109.9,104.1,106.9,121.5,2,65.4
"KysH",2019-06-20 22:53:20,2019-06-20 22:54:36,76,99.5,118.4,114.4,116.5,130.4,0.7,65.4
"KysH",2019-06-20 22:54:36,2019-06-20 22:55:44,68,75.9,94.3,82.4,84.3,103.4,0.2,65.4
"KysH",2019-06-20 22:55:44,2019-06-20 22:56:35,51,89.9,107.1,100.2,102.6,117.9,1.6,65.4
"KysH",2019-06-20 22:56:35,2019-06-20 22:58:55,140,92.3,113.8,110,113.3,127.8,1,65.4
"KysH",2019-06-20 22:58:55,2019-06-20 22:59:43,48,89.5,106.4,100.2,102.9,117.8,1.9,65.4
"KysH",2019-06-20 22:59:43,2019-06-20 23:01:46,123,93.7,114.7,109.9,114.4,131.4,1.1,65.4
"KysH",2019-06-20 23:01:46,2019-06-20 23:02:37,51,90.1,107.2,102.6,106.4,124.6,1.6,65.4
"KysH",2019-06-20 23:02:37,2019-06-20 23:04:46,129,92.1,113.3,107.5,109,124.2,0.7,65.4
"KysH",2019-06-20 23:05:01,2019-06-20 23:05:40,39,91.3,107.3,101.9,103.5,119,2.5,66.2
"KysH",2019-06-20 23:05:40,2019-06-20 23:07:43,123,94.5,115.5,111.5,114.1,129.6,1,66.2
"KysH",2019-06-20 23:07:49,2019-06-20 23:08:31,42,90,106.4,99.2,103,118.7,2.5,67.1
"KysH",2019-06-20 23:08:31,2019-06-20 23:10:27,116,95.6,116.3,111,112.1,128.8,1.5,67.1
"KysH",2019-06-20 23:11:35,2019-06-20 23:13:13,98,95.5,115.4,110.9,115.8,130.1,2.9,68.5
"KysH",2019-06-20 23:13:41,2019-06-20 23:14:07,26,81,95.3,86.2,89.4,104.6,1.9,68.5
"KysH",2019-06-20 23:14:18,2019-06-20 23:14:57,39,93.8,109.9,105.1,107.4,121.7,2.1,69.5
"KysH",2019-06-20 23:14:57,2019-06-20 23:16:24,87,91.7,111.1,104.9,107.6,124.2,0.7,69.5
"KysH",2019-06-20 23:16:24,2019-06-20 23:17:33,69,95.7,114.1,109.6,110.9,125.6,0.6,69.5
"KysH",2019-06-20 23:17:33,2019-06-20 23:19:33,120,87.1,107.9,99.8,102.3,118.3,0.4,69.5
"KysH",2019-06-20 23:19:36,2019-06-20 23:20:01,25,79.7,93.8,86.1,88.1,107.5,1.7,69
"KysH",2019-06-20 23:21:10,2019-06-20 23:22:06,56,93.6,111.2,104.7,107.6,123.4,1.6,67.4
"KysH",2019-06-20 23:22:06,2019-06-20 23:22:51,45,77.6,94.3,84.6,85.3,104.2,0.2,67.4
"KysH",2019-06-20 23:23:57,2019-06-20 23:25:29,92,95.6,115.3,109.9,112.3,127.6,2.6,66.6
"KysH",2019-06-20 23:26:19,2019-06-20 23:28:13,114,96,116.6,113.3,114.1,127.8,1.6,66.3
"KysH",2019-06-20 23:29:00,2019-06-20 23:30:52,112,93.8,114.4,108.9,111.5,126.2,1.7,64.3
"KysH",2019-06-20 23:31:05,2019-06-20 23:32:01,56,100.2,117.7,115.9,117.4,131.2,2.2,63.8
"KysH",2019-06-20 23:32:01,2019-06-20 23:33:49,108,89.5,109.9,101.8,104.6,120.7,1.4,63.8
"KysH",2019-06-20 23:33:53,2019-06-20 23:34:58,65,95.3,113.5,110.3,112.6,127.9,1.3,62.5
"KysH",2019-06-20 23:34:58,2019-06-20 23:36:39,101,89.7,109.8,103.7,106.7,121.7,1.2,62.5
"KysH",2019-06-20 23:36:39,2019-06-20 23:37:48,69,98.7,117.2,112.8,114.5,129.2,1.4,62.5
"KysH",2019-06-20 23:37:48,2019-06-20 23:38:44,56,94.8,112.4,107.2,109.1,124.1,1.3,62.5
"KysH",2019-06-20 23:38:44,2019-06-20 23:39:35,51,76.4,93.5,81.6,83.3,102.8,0,62.5
"KysH",2019-06-20 23:39:35,2019-06-20 23:40:42,67,93.2,111.6,107.2,109.2,124.2,1.3,62.5
"KysH",2019-06-20 23:40:42,2019-06-20 23:42:19,97,91.2,111.1,106.4,107.6,122.8,1.3,62.5
"KysH",2019-06-20 23:42:27,2019-06-20 23:42:33,6,60.6,69,62.4,64.2,81.4,0,62.5
"KysH",2019-06-20 23:42:35,2019-06-20 23:43:24,49,92,109,101.4,104.1,121.2,1.8,62.2
"KysH",2019-06-20 23:43:24,2019-06-20 23:44:19,55,75.5,93,81.2,83.1,102.6,0,62.2
"KysH",2019-06-20 23:45:13,2019-06-20 23:45:59,46,93.8,110.5,104.9,107.4,123.1,1.7,61.5
"KysH",2019-06-20 23:45:59,2019-06-20 23:46:59,60,77.1,95,83.7,86.2,102.6,5,61.5
"KysH",2019-06-20 23:47:52,2019-06-20 23:48:05,13,62.7,74.2,65.7,67.6,82.7,0.7,61.3
"KysH",2019-06-20 23:48:07,2019-06-20 23:49:41,94,88.9,108.7,104.6,107.1,124.5,3.1,61.2
"KysH",2019-06-20 23:51:04,2019-06-20 23:52:40,96,89.3,109.1,105,107,122.2,2.3,60.8
"KysH",2019-06-20 23:53:54,2019-06-20 23:55:37,103,87.2,107.3,101.1,104.8,119.6,2,60.1
"KysH",2019-06-20 23:56:30,2019-06-20 23:58:16,106,92.1,112.4,110.4,111.4,127.8,1.7,59.9
"KysH",2019-06-21 12:30:04,2019-06-21 12:30:11,7,48.9,57.9,55.5,62.6,78.1,2.9,50
"KysH",2019-06-21 12:30:42,2019-06-21 12:31:01,19,59.3,72.3,64.5,66,80.3,2.2,50
"KysH",2019-06-21 12:31:02,2019-06-21 12:31:15,13,56.5,68,64.3,64.9,77.1,4.5,50
"KysH",2019-06-21 12:32:13,2019-06-21 12:32:27,14,58.2,70,65.9,67.4,77.5,3.9,50
"KysH",2019-06-21 12:32:41,2019-06-21 12:32:58,17,61.4,74,67.7,68.8,82.2,3.1,50
"KysH",2019-06-21 12:33:18,2019-06-21 12:33:36,18,61.5,74.3,67.5,69.4,88.5,2.5,50
"KysH",2019-06-21 12:34:12,2019-06-21 12:34:27,15,61.5,73.6,70.1,70.9,82,4.4,50
"KysH",2019-06-21 12:34:55,2019-06-21 12:35:10,15,63.9,76,72.2,73.8,84.6,2.1,50
"KysH",2019-06-21 12:43:21,2019-06-21 12:43:37,16,53.9,66.2,59,61.6,76.4,2.7,50
"KysH",2019-06-21 12:43:50,2019-06-21 12:44:02,12,51.4,62.6,55.1,56.1,73.9,1.7,50
"KysH",2019-06-21 12:44:08,2019-06-21 12:44:29,21,70.7,84.1,82.1,83.7,98.4,4,50
"KysH",2019-06-21 12:45:00,2019-06-21 12:45:26,26,66.4,80.8,75,77.4,94.5,1.9,54.3
"KysH",2019-06-21 12:45:26,2019-06-21 12:46:10,44,79.1,95.7,89.6,91.6,105.6,1.5,54.3
"KysH",2019-06-21 12:46:10,2019-06-21 12:47:24,74,77.5,96.2,87.2,90.1,104.2,0.7,54.3
"KysH",2019-06-21 12:47:24,2019-06-21 12:48:36,72,71.2,89.8,82.2,84.2,100.3,0.9,54.3
"KysH",2019-06-21 12:48:36,2019-06-21 12:49:13,37,69.9,85.7,77.4,79.8,93.9,1.3,54.3
"KysH",2019-06-21 12:49:13,2019-06-21 12:50:03,50,71.5,88.5,79.3,83.3,97.4,0.7,54.3
"KysH",2019-06-21 12:50:03,2019-06-21 12:50:48,45,67.9,84.5,78,80.3,95.5,0.4,54.3
"KysH",2019-06-21 12:50:48,2019-06-21 12:52:12,84,69.1,88.4,79.2,81.4,99.1,0.5,54.3
"KysH",2019-06-21 12:52:12,2019-06-21 12:53:20,68,67.9,86.3,78.6,83.6,100.2,0.8,54.3
"KysH",2019-06-21 12:53:20,2019-06-21 12:55:06,106,82.8,103.1,97.6,100.6,117.1,0.6,54.3
"KysH",2019-06-21 12:55:06,2019-06-21 12:56:01,55,69.5,86.9,79.3,82.6,96.6,0.8,54.3
"KysH",2019-06-21 12:56:01,2019-06-21 12:56:53,52,70.9,88.1,77.3,80.3,94.8,0.6,54.3
"KysH",2019-06-21 12:56:53,2019-06-21 12:58:09,76,76.5,95.3,87.1,88.7,105.5,0.8,54.3
"KysH",2019-06-21 12:58:14,2019-06-21 12:59:03,49,72.4,89.4,78.1,80.8,95.7,0.8,54.7
"KysH",2019-06-21 12:59:03,2019-06-21 12:59:55,52,71.2,88.5,78.7,80.8,96,0.5,54.7
"KysH",2019-06-21 12:59:55,2019-06-21 13:01:11,76,77.6,96.5,86,88.8,103.3,0.9,54.7
"KysH",2019-06-21 13:01:20,2019-06-21 13:02:06,46,71.1,87.8,79.6,81.6,97,0.8,50
"KysH",2019-06-21 13:02:06,2019-06-21 13:02:55,49,73.4,90.4,81.3,85.3,99.7,0.7,50
"KysH",2019-06-21 13:02:55,2019-06-21 13:04:05,70,77.1,95.6,89.4,94.6,108.9,1.1,50
"KysH",2019-06-21 13:04:05,2019-06-21 13:05:00,55,71.4,88.8,77.9,79.5,96.4,0.8,50
"KysH",2019-06-21 13:05:00,2019-06-21 13:05:51,51,75.9,93.1,85.2,86.8,102.9,0.7,50
"KysH",2019-06-21 13:05:51,2019-06-21 13:07:09,78,79.6,98.6,89.4,91,108.8,1.2,50
"KysH",2019-06-21 13:07:09,2019-06-21 13:07:58,49,76.1,93.1,82.9,86,100.6,1.1,50
"KysH",2019-06-21 13:07:58,2019-06-21 13:08:54,56,74.6,92.2,81.8,84.6,101.2,0.6,50
"KysH",2019-06-21 13:08:54,2019-06-21 13:10:06,72,81.4,100.1,91.3,92.6,110.5,1,50
"KysH",2019-06-21 13:10:06,2019-06-21 13:11:04,58,72.2,89.9,79.5,82.6,99,0.7,50
"KysH",2019-06-21 13:11:04,2019-06-21 13:13:13,129,81.5,102.6,95.8,98.4,114,0.5,50
"KysH",2019-06-21 13:13:14,2019-06-21 13:14:12,58,83.5,101.2,93.3,96.2,110.1,1.7,50
"KysH",2019-06-21 13:14:12,2019-06-21 13:15:50,98,87,107,99.5,102.5,115.6,1.5,50
"KysH",2019-06-21 13:15:53,2019-06-21 13:16:07,14,52.5,64.3,57,59.6,71.2,1.8,50
"KysH",2019-06-21 13:23:03,2019-06-21 13:23:09,6,49.7,58.2,51.3,55.7,69.6,0.4,50
"KysH",2019-06-21 13:24:10,2019-06-21 13:24:21,11,50.8,61.6,53.7,57.1,72.3,0.7,50
"KysH",2019-06-21 14:22:42,2019-06-21 14:22:52,10,52.9,63.3,59.1,63.7,77.4,1.5,50
"KysH",2019-06-21 14:27:07,2019-06-21 14:27:40,33,69,84.3,77.6,79.6,96.7,2.2,50
"KysH",2019-06-21 14:28:19,2019-06-21 14:29:11,52,59.1,76.3,67.2,72.6,88.4,1.6,50
"KysH",2019-06-21 14:29:42,2019-06-21 14:31:33,111,71,91.5,82.4,84.5,102.6,1.5,50
"KysH",2019-06-21 14:32:30,2019-06-21 14:34:24,114,72.8,93.5,89.9,92.1,106.2,1.3,50
"KysH",2019-06-21 14:34:45,2019-06-21 14:35:04,19,63.6,76.6,68.8,71.5,90.1,2.1,57.1
"KysH",2019-06-21 14:35:04,2019-06-21 14:36:44,100,71.7,91.8,83.8,85.6,102,0.9,57.1
"KysH",2019-06-21 14:36:44,2019-06-21 14:38:04,80,74,93.1,87.3,90,104.6,0.6,57.1
"KysH",2019-06-21 14:38:04,2019-06-21 14:39:20,76,83.4,102.3,94.6,95.5,112.3,0.8,57.1
"KysH",2019-06-21 14:39:20,2019-06-21 14:40:13,53,76.2,93.5,85,88,103.7,1.2,57.1
"KysH",2019-06-21 14:40:13,2019-06-21 14:41:00,47,74.1,90.9,83.7,87.2,99.9,1.1,57.1
"KysH",2019-06-21 14:41:00,2019-06-21 14:42:09,69,76.9,95.4,86.9,88.3,104.1,0.7,57.1
"KysH",2019-06-21 14:42:09,2019-06-21 14:43:17,68,75.2,93.6,87.1,91.1,106.9,1.3,57.1
"KysH",2019-06-21 14:43:17,2019-06-21 14:44:00,43,73.3,89.7,82.1,84,99.4,1.2,57.1
"KysH",2019-06-21 14:44:00,2019-06-21 14:45:01,61,75.7,93.6,83.6,86.9,99.8,1,57.1
"KysH",2019-06-21 14:45:01,2019-06-21 14:46:08,67,75.2,93.6,87.1,89.7,104.3,1.4,57.1
"KysH",2019-06-21 14:46:08,2019-06-21 14:46:52,44,67.4,83.9,76.4,80.4,93.8,1.2,57.1
"KysH",2019-06-21 14:46:52,2019-06-21 14:47:54,62,74.3,92.3,83.7,89,103.5,0.9,57.1
"KysH",2019-06-21 14:47:54,2019-06-21 14:48:58,64,70.9,89.1,81.2,82.9,96.3,1.2,57.1
"KysH",2019-06-21 14:48:58,2019-06-21 14:49:33,35,72.6,88.2,85.5,90.3,105.6,1.5,57.1
"KysH",2019-06-21 14:49:33,2019-06-21 14:50:43,70,72.1,90.6,81.6,85.4,100.4,0.8,57.1
"KysH",2019-06-21 14:50:46,2019-06-21 14:51:24,38,71.2,87.1,81.4,84.8,98,1.3,57.6
"KysH",2019-06-21 14:51:24,2019-06-21 14:52:39,75,70.2,89,81.7,86.7,100.1,0.8,57.6
"KysH",2019-06-21 14:52:39,2019-06-21 14:53:22,43,70.5,86.9,76.9,81.5,97.8,1,57.6
"KysH",2019-06-21 14:53:26,2019-06-21 14:54:27,61,71.6,89.5,79.4,82.8,98.6,0.8,58.3
"KysH",2019-06-21 14:54:27,2019-06-21 14:55:14,47,68.5,85.3,79.2,80.9,94.8,0.7,58.3
"KysH",2019-06-21 14:55:20,2019-06-21 14:55:26,6,58.4,66.8,59.5,61,79.4,0.9,58.3
"KysH",2019-06-21 14:55:28,2019-06-21 14:56:08,40,67,83.1,73,75.1,91.7,0.8,58.2
"KysH",2019-06-21 14:56:08,2019-06-21 14:56:56,48,69.6,86.6,76.7,78.7,94.4,0.5,58.2
"KysH",2019-06-21 14:56:56,2019-06-21 14:57:55,59,71.9,89.7,83,85.7,101.2,0.6,58.2
"KysH",2019-06-21 14:57:56,2019-06-21 14:59:00,64,68.3,86.4,76.8,80.5,92.6,0.9,50
"KysH",2019-06-21 14:59:00,2019-06-21 14:59:57,57,70.5,88.2,79.7,81.1,96.8,1.1,50
"KysH",2019-06-21 14:59:57,2019-06-21 15:00:44,47,70.2,87,79.7,83.5,99.4,1,50
"KysH",2019-06-21 15:00:44,2019-06-21 15:02:40,116,80.9,101.6,91.4,95.2,107.5,1.2,50
"KysH",2019-06-21 15:02:40,2019-06-21 15:04:04,84,65,84.3,77.6,80.7,94.3,0.9,50
"KysH",2019-06-21 15:04:04,2019-06-21 15:05:18,74,68.5,87.2,80,83.2,98.3,0.7,50
"KysH",2019-06-21 15:05:18,2019-06-21 15:06:23,65,64.9,83.1,71.1,74.4,89.6,1.3,50
"KysH",2019-06-21 15:06:29,2019-06-21 15:07:57,88,76.4,95.9,84.8,88,104.1,0.8,50
"KysH",2019-06-21 15:07:57,2019-06-21 15:09:11,74,62.6,81.4,74.6,77.9,93.2,0.7,50
"KysH",2019-06-21 15:09:16,2019-06-21 15:09:25,9,50.7,60.7,53.5,54.5,74.5,0.8,50
"KysH",2019-06-21 15:09:36,2019-06-21 15:09:44,8,50.5,60,53.6,55.1,74.7,0,50
"KysH",2019-06-21 15:09:53,2019-06-21 15:10:34,41,57.9,74.2,61.4,64.2,77.2,1.6,50
"KysH",2019-06-21 15:10:41,2019-06-21 15:11:55,74,62.3,81.1,68.9,71.4,86,0.9,50
"KysH",2019-06-21 15:12:02,2019-06-21 15:12:16,14,50,61.8,52,54.5,73.7,0,50
"KysH",2019-06-21 15:12:19,2019-06-21 15:12:34,15,51.1,63.1,56.5,61.3,82.1,1.4,50
"KysH",2019-06-21 15:13:29,2019-06-21 15:14:57,88,82.4,101.9,97.6,99.9,111.7,2.1,50
"KysH",2019-06-21 15:15:14,2019-06-21 15:15:44,30,61.6,76.6,71.3,72.9,93.1,1.9,50
"KysH",2019-06-21 15:17:23,2019-06-21 15:18:38,75,70.2,89,82.5,85.3,98.5,1.2,50
"KysH",2019-06-21 15:18:39,2019-06-21 15:19:53,74,59,77.7,67.8,76,90.4,0.5,50
"KysH",2019-06-21 15:20:18,2019-06-21 15:22:55,157,70.2,92.2,83.9,86.8,100.9,1.1,50
"KysH",2019-06-21 15:22:56,2019-06-21 15:24:15,79,68.7,87.8,79.6,81.2,97.4,0.6,50
"KysH",2019-06-21 15:24:15,2019-06-21 15:25:04,49,70.2,87.2,79.7,81.3,97.5,1.9,50
"KysH",2019-06-21 15:25:35,2019-06-21 15:25:44,9,49.6,59.6,51.2,55,71,0.4,50
"KysH",2019-06-21 15:25:50,2019-06-21 15:27:01,71,63.6,82.1,71.2,NA,NA,0.6,50
"LckS",2016-02-02 11:24:29,2016-02-02 11:25:05,36,65.1,80.8,72.4,77.2,NA,6.1,50
"LckS",2016-02-02 11:26:41,2016-02-02 11:27:49,68,61.7,80.1,70.3,76.1,NA,1.3,50
"LckS",2016-02-02 11:31:21,2016-02-02 11:31:32,11,50.8,61.6,54.7,58.2,NA,1.8,50
"LckS",2016-02-02 11:41:48,2016-02-02 11:42:03,15,55.5,67.5,60.3,67.9,NA,1.8,50
"LckS",2016-02-02 11:42:04,2016-02-02 11:42:39,35,63.7,79.3,72.8,79.4,NA,1.4,50
"LckS",2016-02-02 11:42:39,2016-02-02 11:43:07,28,61.6,76.2,68.8,76.6,NA,2.2,50
"LckS",2016-02-02 11:52:26,2016-02-02 11:52:40,14,59.5,71.3,68.4,71.6,NA,2.9,50.42
"LckS",2016-02-02 12:08:56,2016-02-02 12:09:36,40,93.5,109.6,103.2,104.8,NA,2.8,52.22
"LckS",2016-02-02 12:10:02,2016-02-02 12:10:38,36,83.8,99.5,91,94.7,NA,2.6,50
"LckS",2016-02-02 12:10:38,2016-02-02 12:11:15,37,99.5,115.3,112.6,115,NA,2.4,50
"LckS",2016-02-02 12:11:15,2016-02-02 12:12:08,53,79.9,97.2,90.9,92.9,NA,1,50
"LckS",2016-02-02 12:12:08,2016-02-02 12:12:38,30,91.9,106.8,100,103.7,NA,2.9,50
"LckS",2016-02-02 12:12:38,2016-02-02 12:14:14,96,84.2,104.1,97.2,99.7,NA,0.5,50
"LckS",2016-02-02 12:14:14,2016-02-02 12:15:02,48,92.7,109.6,106.7,107.9,NA,1.5,50
"LckS",2016-02-02 12:15:02,2016-02-02 12:16:01,59,97.5,115.3,109.7,112.5,NA,1.3,50
"LckS",2016-02-02 12:16:01,2016-02-02 12:17:15,74,90.4,109.1,103.3,105,NA,0.7,50
"LckS",2016-02-02 12:17:15,2016-02-02 12:18:13,58,96.8,114.5,112.3,114.7,NA,1.1,50
"LckS",2016-02-02 12:18:13,2016-02-02 12:19:19,66,91.1,109.4,104.5,106.9,NA,1.9,50
"LckS",2016-02-02 12:19:19,2016-02-02 12:20:02,43,100.2,116.6,111.5,113.1,NA,1.3,50
"LckS",2016-02-02 12:20:02,2016-02-02 12:20:30,28,92.3,106.9,99.7,101.9,NA,2.9,50
"LckS",2016-02-02 12:20:30,2016-02-02 12:21:18,48,91.3,108.2,101.4,104.1,NA,1.2,50
"LckS",2016-02-02 12:21:18,2016-02-02 12:21:48,30,96.4,111.3,107.2,111.5,NA,2.6,50
"LckS",2016-02-02 12:21:48,2016-02-02 12:22:38,50,94.7,111.7,107.7,110.4,NA,1.5,50
"LckS",2016-02-02 12:22:38,2016-02-02 12:23:30,52,92.4,109.6,104,106.2,NA,1.1,50
"LckS",2016-02-02 12:23:30,2016-02-02 12:24:20,50,95,112.1,106,108.5,NA,1.2,50
"LckS",2016-02-02 12:24:20,2016-02-02 12:25:00,40,93.5,109.6,102.3,104.1,NA,1.5,50
"LckS",2016-02-02 12:25:00,2016-02-02 12:25:40,40,93.7,109.8,105.7,108.7,NA,1.6,50
"LckS",2016-02-02 12:25:40,2016-02-02 12:26:36,56,89.6,107.2,99.7,100.9,NA,0.6,50
"LckS",2016-02-02 12:26:36,2016-02-02 12:27:29,53,91.5,108.9,104.2,106.3,NA,1.3,50
"LckS",2016-02-02 12:27:29,2016-02-02 12:28:15,46,95.6,112.3,107.5,109.8,NA,1.5,50
"LckS",2016-02-02 12:28:15,2016-02-02 12:28:58,43,92.3,108.7,101.4,104.7,NA,2.3,50
"LckS",2016-02-02 12:28:58,2016-02-02 12:29:38,40,90.6,106.7,100.3,102.5,NA,1.2,50
"LckS",2016-02-02 12:29:38,2016-02-02 12:30:31,53,92.5,109.8,103.3,105.8,NA,1.4,50
"LckS",2016-02-02 12:30:31,2016-02-02 12:31:10,39,93.3,109.3,103.3,106,NA,1.8,50
"LckS",2016-02-02 12:31:10,2016-02-02 12:31:57,47,93.9,110.7,105.8,108.3,NA,1.4,50
"LckS",2016-02-02 12:31:57,2016-02-02 12:32:46,49,92.5,109.5,106.2,110.2,NA,1.2,50
"LckS",2016-02-02 12:32:46,2016-02-02 12:33:38,52,91,108.3,102.1,106.4,NA,1.6,50
"LckS",2016-02-02 12:33:38,2016-02-02 12:34:08,30,96.7,111.6,106,109.6,NA,2.5,50
"LckS",2016-02-02 12:34:08,2016-02-02 12:34:55,47,94.4,111.2,105.8,107.5,NA,1.6,50
"LckS",2016-02-02 12:34:55,2016-02-02 12:35:43,48,91.6,108.5,104.4,106.6,NA,1.4,50
"LckS",2016-02-02 12:35:43,2016-02-02 12:36:30,47,93.1,109.9,105.6,106.7,NA,1.5,50
"LckS",2016-02-02 12:36:30,2016-02-02 12:37:10,40,91.5,107.6,102.3,105.5,NA,1.4,50
"LckS",2016-02-02 12:37:10,2016-02-02 12:37:55,45,91.6,108.3,102.7,104.3,NA,1.6,50
"LckS",2016-02-02 12:37:55,2016-02-02 12:38:46,51,93.1,110.3,106.4,108.7,NA,1.2,50
"LckS",2016-02-02 12:38:46,2016-02-02 12:39:32,46,100.5,117.2,115,117.6,NA,2,50
"LckS",2016-02-02 12:39:32,2016-02-02 12:40:17,45,90.6,107.2,100.9,103.1,NA,1.4,50
"LckS",2016-02-02 12:40:17,2016-02-02 12:41:00,43,97,113.4,108.5,110.2,NA,2,50
"LckS",2016-02-02 12:41:00,2016-02-02 12:42:21,81,89.6,108.8,104.5,106.9,NA,0.8,50
"LckS",2016-02-02 12:42:21,2016-02-02 12:43:55,94,91,110.8,104.7,105.9,NA,0.7,50
"LckS",2016-02-02 12:43:55,2016-02-02 12:44:43,48,61.6,78.5,67.7,68.6,NA,0.9,50
"LckS",2016-02-02 12:45:15,2016-02-02 12:47:19,124,87.1,108.1,103.4,104,NA,0.9,50
"LckS",2016-02-02 12:48:08,2016-02-02 12:50:05,117,86.8,107.6,101.6,103.2,NA,1,50
"LnPM",2019-06-18 15:07:48,2019-06-18 15:08:42,54,50.8,68.2,55.3,58.1,77.9,1.3,50
"LnPM",2019-06-18 15:08:51,2019-06-18 15:09:10,19,50.9,63.9,56.3,59.8,73.6,0.6,50
"LnPM",2019-06-18 15:09:24,2019-06-18 15:09:50,26,50.5,64.8,53.1,54.7,72.8,0.2,50
"LnPM",2019-06-18 15:10:41,2019-06-18 15:11:08,27,51,65.5,53.5,55.5,74.9,0.1,50
"LnPM",2019-06-18 15:11:09,2019-06-18 15:11:26,17,50.8,63.4,54.1,57.2,69.5,0.8,50
"LnPM",2019-06-18 15:11:27,2019-06-18 15:13:47,140,52.6,74.1,61,66.3,79.6,0.4,50
"LnPM",2019-06-18 15:14:24,2019-06-18 15:14:31,7,50,59,50.6,51.7,69.9,0,50
"LnPM",2019-06-18 15:14:37,2019-06-18 15:14:44,7,49.7,58.8,50.1,51.3,72.8,0,50
"LnPM",2019-06-18 15:15:24,2019-06-18 15:15:46,22,51.6,65.3,57,60.7,74,0.3,50
"LnPM",2019-06-18 15:15:47,2019-06-18 15:16:42,55,51.2,68.6,56.9,62,76.6,0.7,50
"LnPM",2019-06-18 15:17:08,2019-06-18 15:17:25,17,53.2,65.7,60.6,64.5,74.6,2,50
"LnPM",2019-06-18 15:17:26,2019-06-18 15:17:44,18,50.7,63.5,56,61.3,71.4,0.4,50
"LnPM",2019-06-18 15:18:11,2019-06-18 15:18:20,9,50,60,51.1,52.1,72.3,0,50
"LnPM",2019-06-18 15:21:48,2019-06-18 15:22:01,13,51.8,63.2,57.5,60.8,72.4,1.9,50
"LnPM",2019-06-18 15:22:12,2019-06-18 15:22:54,42,52.5,68.8,58.5,60.5,73.9,1.2,50
"LnPM",2019-06-18 15:22:55,2019-06-18 15:23:05,10,51.2,61.6,56.5,60.1,71.6,1.8,50
"LnPM",2019-06-18 15:25:09,2019-06-18 15:26:08,59,71.9,89.7,82.2,85.1,98.7,1,50
"LnPM",2019-06-18 15:26:08,2019-06-18 15:26:59,51,81.5,98.6,93.5,97.5,110.9,1.5,50
"LnPM",2019-06-18 15:26:59,2019-06-18 15:27:54,55,67.7,85.2,78.2,80.3,94.7,0.9,50
"LnPM",2019-06-18 15:27:58,2019-06-18 15:29:07,69,69.9,88.4,79.4,81,96.5,0.8,50
"LnPM",2019-06-18 15:29:35,2019-06-18 15:30:30,55,63,80.5,71.8,74.5,89,0.9,50
"LnPM",2019-06-18 15:31:02,2019-06-18 15:32:08,66,73.6,91.9,82,84.9,100.1,0.7,50
"LnPM",2019-06-18 15:32:08,2019-06-18 15:33:12,64,63,81.1,71.8,74.1,88.4,1,50
"LnPM",2019-06-18 15:33:49,2019-06-18 15:35:04,75,87.9,106.7,99.9,103.7,120.6,1.4,61.89
"LnPM",2019-06-18 15:35:21,2019-06-18 15:35:45,24,66.2,80.2,71.9,73.5,88.8,2,62.22
"LnPM",2019-06-18 15:36:29,2019-06-18 15:36:54,25,74.9,89,81.7,83.4,98.4,1.4,62.57
"LnPM",2019-06-18 15:37:38,2019-06-18 15:38:03,25,66.5,80.6,71.1,73.8,87.6,0.8,62.7
"LnPM",2019-06-18 15:38:35,2019-06-18 15:39:04,29,67.3,82,74.4,77.9,90.2,1.8,62.7
"LnPM",2019-06-18 15:39:25,2019-06-18 15:40:01,36,89.7,105.4,96.3,100.1,118.1,1.7,62.7
"LnPM",2019-06-18 15:40:30,2019-06-18 15:42:04,94,89.4,109.1,102.6,105.7,121.4,2.8,62.7
"LnPM",2019-06-18 15:42:28,2019-06-18 15:42:50,22,65.2,78.8,69.8,72.5,86.7,0.5,62.7
"LnPM",2019-06-18 15:43:12,2019-06-18 15:43:40,28,68.8,83.4,75,77.9,90.1,4,62.7
"LnPM",2019-06-18 15:44:05,2019-06-18 15:44:37,32,71.7,86.9,77.9,80.8,94.2,1.9,62.72
"LnPM",2019-06-18 15:44:58,2019-06-18 15:45:27,29,73.9,88.6,81.5,84.8,99.4,1.9,62.72
"LnPM",2019-06-18 15:45:54,2019-06-18 15:46:17,23,65.7,79.5,69.9,71.6,85,2.7,62.7
"LnPM",2019-06-18 15:46:45,2019-06-18 15:47:19,34,72.4,87.9,76.6,78.6,91.8,0.9,62.7
"LnPM",2019-06-18 15:47:35,2019-06-18 15:48:04,29,68.8,83.5,74.1,76.8,91,3.8,62.72
"LnPM",2019-06-18 15:48:27,2019-06-18 15:48:57,30,70.2,85.2,78,79.3,94.3,2.2,62.69
"LnPM",2019-06-18 15:49:20,2019-06-18 15:49:45,25,66,80.1,70.2,72,85.8,0.2,62.72
"LnPM",2019-06-18 15:50:08,2019-06-18 15:50:37,29,73.6,88.4,81.4,82.3,99.6,0.9,62.87
"LnPM",2019-06-18 15:50:57,2019-06-18 15:51:20,23,67.9,81.7,74.2,75.7,90.3,0.6,62.97
"LnPM",2019-06-18 15:51:46,2019-06-18 15:52:14,28,70.1,84.8,77.2,80.4,93,0.8,62.99
"LnPM",2019-06-18 15:52:48,2019-06-18 15:53:08,20,68.8,82,74.4,76.9,90.8,0.8,62.97
"LnPM",2019-06-18 15:53:37,2019-06-18 15:54:10,33,71.5,86.8,78.2,79,92.9,1.1,63.01
"LnPM",2019-06-18 15:54:30,2019-06-18 15:54:59,29,70.9,85.7,76.7,78,92.9,2.9,63.09
"LnPM",2019-06-18 15:55:22,2019-06-18 15:55:46,24,72,85.9,78.3,80.6,94,5.4,63.08
"LnPM",2019-06-18 15:56:23,2019-06-18 15:56:37,14,65.5,77.3,72.5,74.5,91,0.8,63.07
"LnPM",2019-06-18 15:57:08,2019-06-18 15:57:39,31,73.2,88.3,80.2,82,96.5,0.7,62.97
"LnPM",2019-06-18 15:57:59,2019-06-18 15:58:24,25,69.2,83.3,76.7,79.8,92.2,1.6,62.94
"LnPM",2019-06-18 15:58:48,2019-06-18 15:59:16,28,71.3,86,79.3,81.5,95.8,0.8,62.9
"LnPM",2019-06-18 15:59:17,2019-06-18 15:59:45,28,84.8,99.4,93.2,95.6,111.6,3.3,62.83
"LnPM",2019-06-18 16:00:26,2019-06-18 16:00:54,28,77.5,92.1,83.3,85.4,100.8,1,62.79
"LnPM",2019-06-18 16:01:23,2019-06-18 16:02:12,49,72.2,89.2,79.3,81.4,95.2,1.8,62.64
"LnPM",2019-06-18 16:02:41,2019-06-18 16:03:09,28,68.4,83,77.2,79.9,92.6,5.1,62.63
"LnPM",2019-06-18 16:03:34,2019-06-18 16:04:40,66,71.6,89.9,82,85.7,101.2,0.4,62.53
"LnPM",2019-06-18 16:05:36,2019-06-18 16:06:32,56,70.6,88.2,78.6,80.5,99.4,0.5,62.41
"LnPM",2019-06-18 16:06:36,2019-06-18 16:07:16,40,71.5,87.7,79.6,81.1,96,0.7,62.41
"LnPM",2019-06-18 16:07:57,2019-06-18 16:08:26,29,65.9,80.7,73.5,74.6,87.6,2.5,62.38
"LnPM",2019-06-18 16:08:55,2019-06-18 16:09:24,29,68.5,83.3,74,77.3,94.1,0.8,62.32
"LnPM",2019-06-18 16:10:37,2019-06-18 16:11:10,33,67.8,83.1,71.9,73.6,89.9,1.1,62.29
"LnPM",2019-06-18 16:11:56,2019-06-18 16:12:22,26,68.4,82.7,72.7,75,90,1.2,62.27
"LnPM",2019-06-18 16:13:45,2019-06-18 16:14:11,26,64.4,78.7,69.1,71.7,83.6,0,62.26
"LnPM",2019-06-18 16:16:21,2019-06-18 16:16:46,25,67.1,81.3,70,71.7,86.7,0.2,62.19
"LnPM",2019-06-18 16:19:20,2019-06-18 16:19:46,26,65.9,80.2,71.1,73.5,86.7,0.9,62.19
"LnPM",2019-06-18 16:21:53,2019-06-18 16:22:12,19,65.6,78.6,73.4,76.4,89.4,2.8,62.19
"LnPM",2019-06-18 16:24:38,2019-06-18 16:24:58,20,63.5,76.7,67.7,69.3,82.6,3,62.06
"LnPM",2019-06-18 16:27:16,2019-06-18 16:28:02,46,63.5,80.2,69.9,71.5,85.3,1.5,50
"LnPM",2019-06-18 16:28:18,2019-06-18 16:28:54,36,51.8,67.5,55.2,56.1,75.8,0.2,50
"LnPM",2019-06-18 16:29:38,2019-06-18 16:30:26,48,62.2,79.1,69.7,71.8,87.7,0.8,50
"LnPM",2019-06-18 16:30:42,2019-06-18 16:31:17,35,51.2,66.8,54.8,55.4,73.1,0.2,50
"LnPM",2019-06-18 16:32:07,2019-06-18 16:32:49,42,56.9,73.2,62.1,63.6,79.8,0.5,50
"LnPM",2019-06-18 16:33:04,2019-06-18 16:33:40,36,51.1,66.8,53.6,54.9,75.7,0.2,50
"LnPM",2019-06-18 16:34:22,2019-06-18 16:34:32,10,52.2,62.6,58.8,59.9,72,2.2,50
"LnPM",2019-06-18 16:34:59,2019-06-18 16:35:05,6,47.8,56.3,48.5,51,69.6,0.1,50
"LnPM",2019-06-18 16:43:10,2019-06-18 16:43:19,9,49.9,59.9,51,53.7,73.2,0.1,50
"LnPM",2019-06-18 16:46:59,2019-06-18 16:47:15,16,50.9,63.2,55.7,57,76.1,1,50
"LnPM",2019-06-18 16:47:32,2019-06-18 16:48:51,79,53.7,72.7,58.5,64.2,82,0.7,50
"LnPM",2019-06-18 16:49:05,2019-06-18 16:49:57,52,96.7,114,108.2,111.4,128.2,2.8,50
"LnPM",2019-06-18 16:50:26,2019-06-18 16:51:15,49,64.5,81.5,72.5,74.2,89.4,2.1,50
"LnPM",2019-06-18 16:51:24,2019-06-18 16:52:17,53,51.2,68.5,55.5,56.5,75.7,0.2,50
"LnPM",2019-06-18 16:53:20,2019-06-18 16:54:15,55,66.9,84.3,75.2,NA,NA,1,50
"RshF",2019-07-01 20:01:16,2019-07-01 20:01:22,6,50.4,58.9,54.3,56,78.9,0,50
"RshF",2019-07-01 20:02:43,2019-07-01 20:02:58,15,53.8,65.8,59,60.6,82.4,1.5,50
"RshF",2019-07-01 20:05:59,2019-07-01 20:06:12,13,50.4,61.9,53.1,59.7,73.2,0.4,50
"RshF",2019-07-01 20:11:15,2019-07-01 20:11:37,22,54.8,68.4,59,61.1,83.3,2.7,50
"RshF",2019-07-01 20:11:59,2019-07-01 20:12:12,13,51.4,62.9,56.5,59.8,73.1,1,50
"RshF",2019-07-01 20:17:32,2019-07-01 20:17:43,11,51.4,62.2,54.8,55.7,80.6,0,50
"RshF",2019-07-01 20:20:55,2019-07-01 20:21:08,13,51.6,63.1,55.1,56.8,81.6,1.2,50
"RshF",2019-07-01 20:22:10,2019-07-01 20:22:54,44,58.1,74.6,66.2,67.8,83.3,1,50
"RshF",2019-07-01 20:23:04,2019-07-01 20:24:07,63,63.9,81.9,70.5,72.3,91.9,0.8,50
"RshF",2019-07-01 20:24:11,2019-07-01 20:24:27,16,52.3,64.6,57.1,59.2,74.4,1.7,50
"RshF",2019-07-01 20:24:43,2019-07-01 20:27:05,142,77.7,99.2,90.1,92.3,107.8,0.7,55.9
"RshF",2019-07-01 20:28:26,2019-07-01 20:30:33,127,89,110.1,105,109.2,123.9,1.8,58
"RshF",2019-07-01 20:31:59,2019-07-01 20:33:48,109,80.9,101.3,95.2,98,113.8,1.3,58.1
"RshF",2019-07-01 20:35:06,2019-07-01 20:37:09,123,73.3,94.2,80.7,82.4,100.3,1,57.6
"RshF",2019-07-01 20:37:17,2019-07-01 20:41:07,230,76.7,100.4,88.3,90.7,106.6,0.2,57.1
"RshF",2019-07-01 20:41:07,2019-07-01 20:44:01,174,82.7,105.1,94.4,96.3,112.4,0.3,57.1
"RshF",2019-07-01 20:44:01,2019-07-01 20:46:54,173,78.5,100.9,87.8,89,106.5,0.6,57.1
"RshF",2019-07-01 20:46:59,2019-07-01 20:47:24,25,59.2,73.3,62.3,62.8,82,0.8,56.8
"RshF",2019-07-01 20:48:01,2019-07-01 20:50:16,135,81.7,103.1,94,95.5,110,1,50
"RshF",2019-07-01 20:50:56,2019-07-01 20:53:39,163,76.4,98.5,86,88.3,103.8,0.8,50
"RshF",2019-07-01 20:53:50,2019-07-01 20:56:27,157,77.1,99.1,88.5,90.4,104.6,1,50
"RshF",2019-07-01 20:56:43,2019-07-01 20:59:21,158,78.3,100.3,90.3,91.7,107.6,1.1,50
"RshF",2019-07-01 20:59:34,2019-07-01 21:01:43,129,81.4,102.5,92.6,96.6,111.6,1.3,50
"RshF",2019-07-01 21:01:44,2019-07-01 21:02:15,31,53.8,68.8,60.6,62.8,78.2,1.5,50
"RshF",2019-07-01 21:02:20,2019-07-01 21:03:23,63,55.9,73.9,63.4,64.6,83.7,0.6,50
"RshF",2019-07-01 21:32:00,2019-07-01 21:32:39,39,51.9,67.9,54.9,56.5,82.8,0.2,50
"RshF",2019-07-01 21:33:29,2019-07-01 21:35:19,110,66.9,87.4,81.3,82.7,98.3,1.1,50
"RshF",2019-07-01 21:35:48,2019-07-01 21:38:02,134,82,103.3,94,97.1,111.4,1.3,50
"RshF",2019-07-01 21:38:03,2019-07-01 21:38:18,15,51.8,63.9,56.4,57.8,74.8,1.5,50
"RshF",2019-07-01 21:38:52,2019-07-01 21:41:12,140,80,101.5,92.2,94.4,111.1,1,50
"RshF",2019-07-01 21:41:35,2019-07-01 21:41:43,8,50.1,59.6,51.2,52,76.3,0.1,50
"RshF",2019-07-01 21:41:52,2019-07-01 21:44:09,137,81.4,102.8,92.2,94.6,111.8,1.5,50
"RshF",2019-07-01 21:44:53,2019-07-01 21:47:15,142,86.2,107.8,98.4,101.7,117.3,1.3,50
"RshF",2019-07-01 21:47:15,2019-07-01 21:49:19,124,81.1,102.1,93.3,96.1,111.1,0.4,50
"RshF",2019-07-01 21:49:19,2019-07-01 21:50:56,97,83.8,103.8,96.5,98,114.6,0.9,50
"RshF",2019-07-01 21:50:56,2019-07-01 21:52:07,71,76.8,95.3,86.4,88,103.8,0.8,50
"RshF",2019-07-01 21:52:07,2019-07-01 21:53:43,96,81.6,101.5,91.3,93.5,110.9,0.9,50
"RshF",2019-07-01 21:53:43,2019-07-01 21:54:57,74,84.8,103.5,93.3,95.7,112.7,1.1,50
"RshF",2019-07-01 21:54:57,2019-07-01 21:56:36,99,83,103,94.5,96.3,112.1,0.9,50
"RshF",2019-07-01 21:56:36,2019-07-01 21:57:44,68,77.7,96.1,84.4,88.1,103.4,0.9,50
"RshF",2019-07-01 21:57:44,2019-07-01 21:59:27,103,82.7,102.9,92.3,93.8,111.7,1,50
"RshF",2019-07-01 21:59:27,2019-07-01 22:00:53,86,83,102.4,93,95.4,109.4,0.9,50
"RshF",2019-07-01 22:00:53,2019-07-01 22:02:17,84,78.9,98.2,87.4,90.2,106.1,0.9,50
"RshF",2019-07-01 22:02:17,2019-07-01 22:03:19,62,72.1,90.1,82,83.8,101,2.3,50
"RshF",2019-07-01 22:03:19,2019-07-01 22:04:34,75,78.4,97.3,86.5,87.9,104.3,1,50
"RshF",2019-07-01 22:04:34,2019-07-01 22:05:59,85,74,93.4,78.7,80.8,97,0.6,50
"RshF",2019-07-01 22:05:59,2019-07-01 22:06:48,49,82.4,99.4,90.3,91.4,107.1,1,50
"RshF",2019-07-01 22:06:48,2019-07-01 22:07:17,29,73.9,88.7,81.2,82.8,100.4,1.2,50
"RshF",2019-07-01 22:07:17,2019-07-01 22:08:16,59,76.2,94,86.8,87.6,103.1,0.8,50
"RshF",2019-07-01 22:08:16,2019-07-01 22:10:04,108,79.5,99.9,90.2,91.2,106.3,0.4,50
"RshF",2019-07-01 22:10:04,2019-07-01 22:12:15,131,73.9,95.1,84.2,85.7,102.5,0.6,50
"RshF",2019-07-01 22:12:43,2019-07-01 22:14:59,136,71.5,92.8,81.3,82.4,98.2,0.8,50
"RshF",2019-07-01 22:15:38,2019-07-01 22:16:44,66,73.8,92.1,81.2,83.2,97.1,0.7,50
"RshF",2019-07-01 22:16:44,2019-07-01 22:17:53,69,66.2,84.7,76.4,77.8,93.7,1,50
"RshF",2019-07-01 22:18:31,2019-07-01 22:19:39,68,78.9,97.2,86.9,88.1,104.7,0.9,50
"RshF",2019-07-01 22:19:39,2019-07-01 22:20:45,66,65.4,83.6,74,75.3,93.5,0.9,50
"RshF",2019-07-01 22:21:23,2019-07-01 22:22:32,69,76.9,95.3,86.4,87.7,105.3,1.1,50
"RshF",2019-07-01 22:22:32,2019-07-01 22:23:34,62,66.3,84.3,73.6,74.8,92.3,1,50
"RshF",2019-07-01 22:24:14,2019-07-01 22:25:19,65,75.9,94.1,84.7,88.2,104.6,1,50
"RshF",2019-07-01 22:25:19,2019-07-01 22:26:19,60,66.7,84.5,73.8,75.8,93.7,0.9,50
"RshF",2019-07-01 22:26:52,2019-07-01 22:27:24,32,63.3,78.5,68.4,69.4,87.4,0.7,50
"RshF",2019-07-01 22:58:35,2019-07-01 22:59:04,29,60.2,75,65.7,68.4,85.2,1.3,50
"RshF",2019-07-01 22:59:04,2019-07-01 23:00:25,81,66.6,85.8,72.2,72.9,92.2,1,50
"RshF",2019-07-01 23:00:29,2019-07-01 23:03:28,179,77,99.5,90.4,93.3,108.8,0.5,50
"RshF",2019-07-01 23:03:28,2019-07-01 23:04:20,52,57.7,74.9,64.5,66.4,86.3,0.5,50
"RshF",2019-07-01 23:04:28,2019-07-01 23:06:49,141,82.9,104.4,93.9,97,111.2,1.4,50
"RshF",2019-07-01 23:06:50,2019-07-01 23:09:59,189,79,101.8,91.1,93.8,110.1,0.4,51.9
"RshF",2019-07-01 23:09:59,2019-07-01 23:11:10,71,76.9,95.5,85.9,87.6,102.3,0.6,51.9
"RshF",2019-07-01 23:11:10,2019-07-01 23:12:53,103,80.9,101.1,92.9,96.4,112.7,1,51.9
"RshF",2019-07-01 23:12:53,2019-07-01 23:14:12,79,74.2,93.3,82.3,83.4,99.6,0.9,51.9
"RshF",2019-07-01 23:14:12,2019-07-01 23:15:09,57,80,97.6,88.5,90.1,106.6,0.5,51.9
"RshF",2019-07-01 23:15:09,2019-07-01 23:16:03,54,90.6,108,103.5,105.5,120.1,2.1,51.9
"RshF",2019-07-01 23:16:03,2019-07-01 23:17:07,64,92.7,110.8,102,104.3,119.6,1.5,51.9
"RshF",2019-07-01 23:17:07,2019-07-01 23:18:20,73,84,102.7,92.6,94.8,111.3,0.6,51.9
"RshF",2019-07-01 23:18:20,2019-07-01 23:19:23,63,90.3,108.4,102,104.8,121.9,1.2,51.9
"RshF",2019-07-01 23:19:23,2019-07-01 23:20:37,74,90.4,109.2,100.8,103.9,119.2,1.1,51.9
"RshF",2019-07-01 23:20:37,2019-07-01 23:21:35,58,96,113.7,107.6,110.1,127.1,1.2,51.9
"RshF",2019-07-01 23:21:35,2019-07-01 23:23:56,141,84.1,105.7,95.4,96.8,113.4,0.6,51.9
"RshF",2019-07-01 23:23:56,2019-07-01 23:26:56,180,79,101.6,93,94.5,110.8,0.4,51.9
"RshF",2019-07-01 23:26:56,2019-07-01 23:28:01,65,81,99.2,91.1,92.5,109.1,0.8,51.9
"RshF",2019-07-01 23:28:01,2019-07-01 23:30:06,125,80.8,101.8,93.8,96.4,115.3,0.9,51.9
"RshF",2019-07-01 23:30:06,2019-07-01 23:31:16,70,80.3,98.8,90.8,93,108.2,1,51.9
"RshF",2019-07-01 23:31:16,2019-07-01 23:33:14,118,77.9,98.7,91,92.5,106.7,0.9,51.9
"RshF",2019-07-01 23:33:14,2019-07-01 23:34:20,66,79.6,97.8,88.4,90,106.5,0.7,51.9
"RshF",2019-07-01 23:34:20,2019-07-01 23:36:57,157,79.8,101.8,94.4,96.7,114.2,0.9,51.9
"RshF",2019-07-01 23:37:13,2019-07-01 23:39:30,137,70.9,92.3,79.9,83.7,99.1,0.5,51.9
"RshF",2019-07-01 23:39:34,2019-07-01 23:39:49,15,54.3,66.4,61.6,64,79.2,1.3,51.9
"RshF",2019-07-01 23:39:58,2019-07-01 23:40:07,9,51.6,61.6,53.9,54.8,69.7,0,51.9
"RshF",2019-07-01 23:40:09,2019-07-01 23:40:44,35,64.1,79.7,71.7,73.9,91.5,1.1,51.9
"TrnC",2019-06-18 15:16:54,2019-06-18 15:20:13,199,57,80,68.7,70.8,98.2,0.3,50
"TrnC",2019-06-18 15:20:21,2019-06-18 15:25:05,284,65.4,89.9,80.3,85,100.6,0.1,72.13
"TrnC",2019-06-18 15:25:05,2019-06-18 15:26:28,83,88.9,108.1,102.6,106.8,128,1,72.13
"TrnC",2019-06-18 15:26:28,2019-06-18 15:27:02,34,79.3,94.8,87.3,90.6,105.6,1.3,72.13
"TrnC",2019-06-18 15:27:02,2019-06-18 15:28:03,61,83.9,101.8,94.4,97.7,110.1,0.8,72.13
"TrnC",2019-06-18 15:28:03,2019-06-18 15:29:31,88,79.8,99.3,91.6,95.9,112,0.3,72.13
"TrnC",2019-06-18 15:29:31,2019-06-18 15:30:34,63,89.7,107.8,102.3,104.3,120.1,0.9,72.13
"TrnC",2019-06-18 15:30:34,2019-06-18 15:33:39,185,82.2,104.9,98.3,102.9,117.1,0.2,72.13
"TrnC",2019-06-18 15:33:39,2019-06-18 15:35:10,91,86,105.7,100,101.7,118.4,0.8,72.13
"TrnC",2019-06-18 15:35:10,2019-06-18 15:36:29,79,89.4,108.4,103.9,107.1,124.2,0.8,72.13
"TrnC",2019-06-18 15:36:29,2019-06-18 15:37:20,51,83.1,100.3,93.7,96.2,111.3,0.9,72.13
"TrnC",2019-06-18 15:37:20,2019-06-18 15:38:17,57,83.3,100.9,95.7,98.6,113,0.6,72.13
"TrnC",2019-06-18 15:38:17,2019-06-18 15:39:30,73,83.2,101.9,93.4,97.4,110.9,0.6,72.13
"TrnC",2019-06-18 15:39:30,2019-06-18 15:40:17,47,88.1,104.9,96.6,100.1,116.2,1,72.13
"TrnC",2019-06-18 15:40:17,2019-06-18 15:41:29,72,85.7,104.3,94.6,96.7,113.6,1,72.13
"TrnC",2019-06-18 15:41:29,2019-06-18 15:42:26,57,83,100.6,94.9,99.1,112,0.8,72.13
"TrnC",2019-06-18 15:42:26,2019-06-18 15:43:11,45,88.6,105.2,99.8,104.1,117.9,1.2,72.13
"TrnC",2019-06-18 15:43:11,2019-06-18 15:43:58,47,83.5,100.3,93.2,97,111.2,0.7,72.13
"TrnC",2019-06-18 15:43:58,2019-06-18 15:44:46,48,84.8,101.7,96.8,99.8,114.5,0.5,72.13
"TrnC",2019-06-18 15:44:46,2019-06-18 15:45:42,56,84.8,102.4,99.5,104.2,117.2,0.6,72.13
"TrnC",2019-06-18 15:45:42,2019-06-18 15:46:53,71,82.9,101.5,94.5,99.4,115.3,0.7,72.13
"TrnC",2019-06-18 15:46:53,2019-06-18 15:48:19,86,81.3,100.7,89.1,91.4,105.7,0.2,72.13
"TrnC",2019-06-18 15:48:19,2019-06-18 15:50:06,107,83.6,103.9,92.8,96.6,109.6,0.2,72.13
"TrnC",2019-06-18 15:50:06,2019-06-18 15:51:47,101,82.3,102.3,91.1,94.4,108.7,0.5,72.13
"TrnC",2019-06-18 15:51:47,2019-06-18 15:52:30,43,84.2,100.7,92.6,96.6,113,0.6,72.13
"TrnC",2019-06-18 15:52:34,2019-06-18 15:52:45,11,73.9,84.7,78.7,81,94.6,1.9,72.44
"TrnC",2019-06-18 15:52:51,2019-06-18 15:53:38,47,86.2,103.1,97.7,100.7,115.3,0.9,72.85
"TrnC",2019-06-18 15:53:41,2019-06-18 15:55:14,93,82,101.8,91.6,95.6,110,0.6,72.71
"TrnC",2019-06-18 15:55:14,2019-06-18 15:56:14,60,81.7,99.5,91.1,95,108.5,0.6,72.71
"TrnC",2019-06-18 15:56:14,2019-06-18 15:57:07,53,83.9,101.3,93.5,98.2,113.3,0.9,72.71
"TrnC",2019-06-18 15:57:22,2019-06-18 15:57:58,36,81.7,97.3,88,91.7,104.3,2.2,72.64
"TrnC",2019-06-18 15:57:58,2019-06-18 15:58:43,45,81.7,98.3,89.4,94.3,107.3,0.5,72.64
"TrnC",2019-06-18 15:58:45,2019-06-18 15:59:25,40,83.1,99.2,92.3,93.6,107.6,0.8,72.23
"TrnC",2019-06-18 15:59:25,2019-06-18 15:59:54,29,83.1,97.9,90.4,94.2,110,0.6,72.23
"TrnC",2019-06-18 16:00:31,2019-06-18 16:02:40,129,86.9,108,101.9,104.7,121.8,0.4,71.91
"TrnC",2019-06-18 16:02:42,2019-06-18 16:03:29,47,84.8,101.6,97.4,100.6,114.7,0.8,71.91
"TrnC",2019-06-18 16:03:33,2019-06-18 16:04:34,61,80.4,98.4,91.4,95.7,107.5,0.5,71.23
"TrnC",2019-06-18 16:04:35,2019-06-18 16:05:17,42,92.8,109.1,105.6,109.7,123.8,1.5,70.29
"TrnC",2019-06-18 16:05:22,2019-06-18 16:06:46,84,83.4,102.7,95.9,98.5,115.3,0.6,69.56
"TrnC",2019-06-18 16:06:50,2019-06-18 16:07:41,51,80.3,97.5,90.5,94,107.2,0.6,68.88
"TrnC",2019-06-18 16:07:41,2019-06-18 16:08:38,57,85.5,103.1,100.3,103.6,117.9,0.8,68.88
"TrnC",2019-06-18 16:08:39,2019-06-18 16:09:44,65,82.9,101.1,93.4,96.1,112.8,0.5,68.74
"TrnC",2019-06-18 16:09:48,2019-06-18 16:10:04,16,69.2,81.5,71.1,72,93.3,0.1,68.47
"TrnC",2019-06-18 16:10:05,2019-06-18 16:10:24,19,69.7,82.7,72.4,73.5,92.7,0.4,68.33
"TrnC",2019-06-18 16:10:27,2019-06-18 16:11:47,80,80.6,99.7,90,93,106.7,0.7,67.68
"TrnC",2019-06-18 16:11:47,2019-06-18 16:13:05,78,82,101,94.7,97.7,110,0.7,67.68
"TrnC",2019-06-18 16:13:25,2019-06-18 16:14:47,82,81.4,100.6,94.2,98.4,114,0.7,67.39
"TrnC",2019-06-18 16:16:12,2019-06-18 16:17:28,76,86.6,105.5,102.3,104.3,119.3,0.9,67.39
"TrnC",2019-06-18 16:19:08,2019-06-18 16:20:24,76,82.3,101.2,93.8,96.3,111.3,0.8,67.22
"TrnC",2019-06-18 16:20:30,2019-06-18 16:20:44,14,68.1,79.9,70.8,71.6,91.6,0.7,67.22
"TrnC",2019-06-18 16:21:43,2019-06-18 16:22:35,52,85.6,102.8,97,100.5,113.8,0.9,67.22
"TrnC",2019-06-18 16:22:36,2019-06-18 16:22:58,22,69.9,83.5,72.7,73.8,95.5,0.3,67.01
"TrnC",2019-06-18 16:24:25,2019-06-18 16:25:41,76,84.2,103.1,94.9,98.4,113.3,0.8,67.01
"TrnC",2019-06-18 16:25:51,2019-06-18 16:26:05,14,68.5,80.3,71.8,72.5,90.6,0.5,67.01
"TrnC",2019-06-18 16:27:10,2019-06-18 16:28:46,96,81.9,101.7,92.3,96.8,110.9,0.5,67.01
"TrnC",2019-06-18 16:29:35,2019-06-18 16:31:09,94,81.6,101.4,95.5,97.1,111.3,0.9,67.01
"TrnC",2019-06-18 16:32:04,2019-06-18 16:33:25,81,96.5,115.6,109.6,110.7,126.4,1.9,67.01
"TrnC",2019-06-18 16:36:23,2019-06-18 16:36:40,17,55,67.6,61.3,62.2,88.1,1.2,50
"TrnC",2019-06-18 16:36:45,2019-06-18 16:39:48,183,57.7,80.4,65.9,67,90,0.3,50
"TrnC",2019-06-18 16:39:48,2019-06-18 16:40:58,70,61.8,80.3,74.2,78.3,91.4,0.7,50
"TrnC",2019-06-18 16:40:58,2019-06-18 16:41:54,56,60.3,77.8,69.9,70.9,93.3,0.4,50
"TrnC",2019-06-18 16:41:54,2019-06-18 16:42:53,59,60,77.8,75,83.2,105.1,0.6,50
"TrnC",2019-06-18 16:42:55,2019-06-18 16:49:22,387,61.1,87,79.2,NA,NA,0.3,50
"TrnC",2019-06-18 16:49:33,2019-06-18 16:50:02,29,92.3,107.1,99,103,120,0.5,50
"TrnC",2019-06-18 16:50:02,2019-06-18 16:52:47,165,83,105.2,100.3,104.4,117.6,0.9,50
"TrnC",2019-06-18 16:52:48,2019-06-18 16:55:39,171,79.7,102,93.9,98.7,111.9,0.6,50
"TrnC",2019-06-18 16:55:39,2019-06-18 16:58:39,180,77,99.6,92.3,95.6,110.8,0.4,50
"TrnC",2019-06-18 16:58:39,2019-06-18 17:01:49,190,78.5,101.3,94,97.9,115,0.4,50
"TrnC",2019-06-18 17:01:49,2019-06-18 17:03:36,107,82.7,103,96.7,NA,NA,0.5,50
