"Org","Date","Name","ID","Measurements","Ldn","Ldn_Lday","Ldn_Lnight","Lden","Lden_Lday","Lden_Levening","Lden_Lnight","Leq00","Leq01","Leq02","Leq03","Leq04","Leq05","Leq06","Leq07","Leq08","Leq09","Leq10","Leq11","Leq12","Leq13","Leq14","Leq15","Leq16","Leq17","Leq18","Leq19","Leq20","Leq21","Leq22","Leq23","Leq","SEL","Lmax","LCpeak","L10","L25","L50","L90"
"SDA","2020-07-06","Camano Island","CmnI",25326,NA,NA,NA,NA,NA,42.09,NA,NA,NA,NA,NA,NA,NA,NA,NA,NA,NA,NA,NA,NA,NA,NA,NA,69.77,66.85,44.77,44.4,42.43,35.4,37.07,38.82,58.75,102.78,92.2,NA,45.8,43.9,41.3,35.2
"SDA","2020-07-07","Camano Island","CmnI",86400,66.67,66.33,57.19,67,67.02,61.26,57.19,33.43,31.94,32.89,34.54,39.39,42.14,56.07,55.26,69.13,71.59,60.8,57.23,68.66,64.37,65.73,69.54,52.88,68.22,67.87,39.81,61.17,64.29,65.62,58,64.6,113.96,102.3,NA,63.1,54.2,39.6,31.4
"SDA","2020-07-08","Camano Island","CmnI",86400,65.03,67.02,40.07,65.09,67.96,52.17,40.07,36.55,34.07,31.62,31.7,34.85,42.35,35.44,52.1,65.26,69.96,69.28,75.93,57.61,55.91,67.28,62.69,66.93,56.51,55.77,53.36,50.93,51.88,47.47,32.65,64.98,114.35,104.5,NA,55,46.1,36.2,30.8
"SDA","2020-07-09","Camano Island","CmnI",86400,67.03,68.92,46.8,67.05,69.88,48.77,46.8,33.04,36.42,45.54,46.37,48.1,53.04,48.45,57.32,66.22,63.47,80.08,62.44,61.31,55.97,65.55,49.24,37.46,57.52,50.76,46.37,49.95,49.24,37.6,35.33,66.89,116.26,112.8,NA,52.5,46.6,39.7,32.4
"SDA","2020-07-10","Camano Island","CmnI",86400,65.59,67.62,34.55,65.6,68.59,42.32,34.55,32.35,32.35,31.75,33.48,36.07,38.13,36.64,52.41,65.61,62.83,65.9,65.89,66.29,58.21,78.3,53.88,54.05,52,40.63,46.87,31.38,30.74,31.68,32.75,65.58,114.94,110.7,NA,53.6,39.8,32.9,30
"SDA","2020-07-11","Camano Island","CmnI",86400,70.01,72.04,37.33,70.01,73.01,34.69,37.33,32.22,36.69,32.39,33.32,39.15,42.46,37.54,41.18,48.74,49.45,46.25,83.78,55.67,54.47,53.92,41.31,38.18,34.42,34.7,33.39,31.95,37.07,36.72,33.42,70,119.37,116.4,NA,46.5,39.2,33.2,30.2
"SDA","2020-07-12","Camano Island","CmnI",86400,50.62,50.51,40.79,50.74,51.38,41.05,40.79,33.83,35.77,40.29,39.77,39.72,42.55,46.33,43.83,44.9,42.5,44.63,56.4,47.53,50.63,54.54,56.26,50.92,42.41,49.51,36.66,44.46,37.53,37.26,37.74,48.74,98.1,83.2,NA,47,43.4,39.3,35.2
"SDA","2020-07-13","Camano Island","CmnI",86400,61.62,63.63,34.7,65.25,60.53,68.46,34.7,34.91,34.96,33.03,32.35,33.44,38.75,34.27,51.61,48.83,64.16,48.24,47.84,67.45,52.9,64.94,61.26,48.67,54.33,47.28,45.75,40.55,73.22,33.19,33.34,61.59,110.96,102.8,NA,46.7,38.4,34.2,30.9
"SDA","2020-07-14","Camano Island","CmnI",86400,66.59,68.62,37.14,66.77,69.5,58.37,37.14,32.95,32.04,31.85,32.75,40.33,37.8,41.88,47.37,51.88,54.63,50.04,64.71,54.47,80.02,52.59,62.88,55.31,53.77,47.26,41.79,63.04,44.86,35.07,36.23,66.58,115.94,112.5,NA,49.2,40.7,35.5,31.3
"SDA","2020-07-15","Camano Island","CmnI",86400,74.73,76.77,36.65,74.73,77.73,51.98,36.65,35.08,36.7,37.46,33.99,38.34,32.74,36.41,37.5,67.08,83.27,79.04,66.16,82.53,61.6,50.91,81.61,51.57,69.68,78.76,52.52,54.64,36.34,39.49,35.66,74.73,124.09,116.1,NA,52.8,42.9,37.1,32.1
"SDA","2020-07-16","Camano Island","CmnI",86400,65.95,67.01,53.25,66.37,67.72,61.67,53.25,33.08,38.39,34.17,33.33,35.57,37.72,36.39,36.52,77.12,66.51,63.45,52.98,64.86,61.55,64.79,43.71,66.09,59.7,43.83,66.41,40.91,43.12,62.66,44.95,65.08,114.44,108.2,NA,47.9,42,37.5,32.1
"SDA","2020-07-17","Camano Island","CmnI",86400,66.22,67.98,48.35,66.22,68.95,43.09,48.35,39.47,41.49,48.38,47.83,46.64,54.02,52.09,47.77,79.44,56.31,53.44,48.21,66.74,50.37,53.01,53.63,52.08,47.05,34.19,44.96,44.58,30.54,31.41,30.87,65.97,115.33,112.1,NA,51.8,47.1,42.2,30
"SDA","2020-07-18","Camano Island","CmnI",86400,53.12,54.63,38.02,53.15,55.58,37.36,38.02,30.74,31.21,31.96,34.57,39.04,35.82,45.41,58.7,49.2,49.22,51.09,57.43,62.98,54.41,47.79,50.5,41.17,54.41,43.1,38.44,38.67,32.98,33.5,31.16,52.64,102.01,90.6,NA,49.2,40.3,34.1,30.6
"SDA","2020-07-19","Camano Island","CmnI",86400,55.59,57.48,35.35,55.72,58.38,46.05,35.35,31.02,34.82,32.06,32.12,33.81,37.43,37.81,36.11,40.58,48,51.04,51.62,54.31,54.25,55.96,59.08,67.78,46.06,51.43,50.48,38.86,31.46,37.55,35.59,55.45,104.82,98.9,NA,50.1,39.7,32.8,29.6
"SDA","2020-07-20","Camano Island","CmnI",86400,61.82,63.68,42.27,61.99,64.57,53.46,42.27,30.4,31.25,31.45,32.4,32.74,34.21,35.56,42.89,51.64,57.63,58.1,73.9,49.97,64.6,52.6,66.94,53.36,46.85,38.44,39.78,55.23,55.09,51.37,30.92,61.66,111.02,105.2,NA,47.9,37.5,31.9,29.9
"SDA","2020-07-21","Camano Island","CmnI",86400,72.54,74.31,54.46,76.25,70.56,79.52,54.46,32.29,33.12,33.98,32.81,38.02,38.11,36.24,52.5,41.76,70.16,63.9,79.61,68.27,73.11,58.31,53.68,65.76,49.24,49.34,62.79,64.7,84.21,63.93,42.19,72.3,121.67,115,NA,49.7,44,39.4,32.1
"SDA","2020-07-22","Camano Island","CmnI",86400,56.37,58.15,38.17,56.76,58.91,51.87,38.17,37.34,35.41,35.06,37.82,37.91,37.7,39.01,35.92,38.65,57.83,54.81,59.47,66.01,64.98,47.55,44.86,41.21,50.48,52.69,56.43,40.11,40.63,42.66,33.85,56.14,105.5,98.5,NA,41.2,37.7,36,30.1
"SDA","2020-07-23","Camano Island","CmnI",86400,59.4,60.33,47.21,63.29,52.58,66.69,47.21,33.61,32.96,33.83,39.67,35.53,39.72,38.57,41.46,53.54,48.03,55.39,56.56,51.18,47.76,57.06,45.75,54.34,43.48,46.36,71.04,61.13,41.81,56.34,38.44,58.41,107.78,100.8,NA,44.9,40.4,36.1,32.8
"SDA","2020-07-24","Camano Island","CmnI",86400,63.49,65.47,39.36,63.5,66.44,41.03,39.36,33.82,32.64,32.82,32.63,34.03,36.09,38.18,43.84,47.74,67.24,76.69,48.43,53.39,52.98,48.94,50.11,49.77,43.22,43.42,43.78,39.98,36.26,47.2,35.92,63.43,112.8,108.7,NA,46.5,41.4,37.8,32.6
"SDA","2020-07-25","Camano Island","CmnI",86400,47.48,48.57,34.66,47.76,49.38,41.36,34.66,34.65,33.52,33.09,33.71,34.63,36.9,37.82,43.8,48.47,42.23,44.12,49.17,47.84,43.34,42.96,47.26,55.63,53.94,47.05,45.33,36.45,33.96,32.04,31.18,46.64,96,87.3,NA,44.1,39,34.5,31
"SDA","2020-07-26","Camano Island","CmnI",86400,46.66,47,36.03,47.5,47.28,45.63,36.03,31.55,38.08,32.1,32.75,40.38,35.82,39.13,44.63,40.11,43.72,42.83,42.54,52.47,45.41,48.46,49.53,47.13,49.1,45.69,50.27,33.8,29.75,29.39,29.56,45.16,94.52,82.1,NA,44,38.5,33.1,29.2
"SDA","2020-07-27","Camano Island","CmnI",86400,59.47,61.44,35.9,60.42,61.87,59.06,35.9,29.69,29.8,30.27,35.02,34.51,37.67,36.54,54.69,53.6,65.09,49.83,57.13,52.24,56.44,65.59,55.06,64.8,53.46,67.99,48.08,63.69,41.14,37.97,39.73,59.4,108.77,99.3,NA,51.8,41.8,35.4,29.7
"SDA","2020-07-28","Camano Island","CmnI",86400,71.49,73.52,38.68,72.19,74.12,69.63,38.68,39.5,40.28,35.72,33.93,33.75,34.7,41.17,54.92,82.39,69.76,62.77,80.49,61.05,49.22,60.97,69.66,54.42,56.8,49.37,74.16,61.69,40.1,42.77,35.28,71.48,120.84,114.1,NA,50.1,44.1,39.3,33.3
"SDA","2020-07-29","Camano Island","CmnI",86400,57.57,59.39,38.67,57.69,60.3,48,38.67,34.12,45.35,33.02,33.71,35.39,35.03,37.24,43.5,64.46,59.63,51.77,67.03,49.75,54.12,47.36,46.97,48.12,48.59,65.21,44.48,52.03,32.17,40.63,31.68,57.37,106.74,98.7,NA,43.9,37.5,33.6,30.3
"SDA","2020-07-30","Camano Island","CmnI",86400,59.22,61.18,36.05,59.24,62.14,40.61,36.05,37.97,30.96,33.85,34.08,39.04,38.12,38.68,48.4,65.37,57.84,65.83,63.97,52.05,51.49,51.92,65.07,61.36,66.17,43.51,44.78,34.22,32.55,29.94,29.42,59.15,108.51,98,NA,51.5,41.2,37.1,29.9
"SDA","2020-07-31","Camano Island","CmnI",86400,61.76,63.74,37.34,61.78,64.7,44.6,37.34,29.96,29.7,29.96,30.41,37.1,38,43.66,59.64,71.85,71.19,54.53,53.01,67.17,52.79,43.34,44.51,47.26,44.21,38.63,41.62,41.37,47.66,38.48,34.96,61.7,111.07,99.7,NA,47.3,42.1,38.3,29.9
"SDA","2020-08-01","Camano Island","CmnI",86400,45.99,46.79,34.2,46.41,47.48,41.69,34.2,34.06,33.47,32.96,33.42,33.91,35.66,35.48,33.04,40.57,46.04,54.39,41.3,46.1,49.94,46.86,43.84,42.52,48.91,43.53,43.28,40.55,40.68,33.22,34.73,44.89,94.26,77.1,NA,41.9,37.5,34.1,31.9
"SDA","2020-08-02","Camano Island","CmnI",86400,47.41,48.66,33.86,47.68,49.47,41.22,33.86,34.94,33.43,32.75,33.06,33.83,35.98,35.59,42.26,50.15,56.13,48.36,51.18,45.3,46.39,45.16,43.32,37.23,51.15,48.04,45.12,34.46,36.51,31.85,30.52,46.7,96.07,82.2,NA,41.5,36.4,33.2,30.3
"SDA","2020-08-03","Camano Island","CmnI",86400,62.06,64.08,33.28,62.07,65.05,37.6,33.28,32.48,32.97,32.26,32.76,33.34,33.74,34.67,44.14,50.94,53.58,58.83,75.55,50.46,47.72,56.49,55.77,49.71,47.48,53.22,40.95,34.64,32.79,32.46,34.15,62.04,111.41,105.8,NA,42.2,35.1,32.6,29.9
"SDA","2020-08-04","Camano Island","CmnI",86400,55.35,57.21,35.84,55.41,58.15,42.5,35.84,33.58,33.04,33.37,33.74,35.18,37.5,39.53,42.78,55.51,53.31,47.8,57.57,67.75,50.19,51.4,55.27,45.07,41.49,44.47,44.04,34.43,44.01,37.26,33.99,55.18,104.55,96.9,NA,44,36.1,33.8,30.1
"SDA","2020-08-05","Camano Island","CmnI",86400,51.33,52.55,37.9,51.54,53.4,44.08,37.9,43.35,40.88,35.04,35.42,36.06,35.59,35.09,51.98,46.33,52.35,50.16,55.83,55.42,57.23,48.55,54,52.26,51.4,54.14,48.39,37.56,33.42,32.51,33.65,50.6,99.97,78.3,NA,45.9,39.5,35.4,32.5
"SDA","2020-08-06","Camano Island","CmnI",86400,73.64,75.64,47.2,73.64,76.61,34.44,47.2,31.81,31.64,32.73,35.27,44.15,51.34,54.74,44.82,49.89,84.97,48.56,81.98,62.16,49.4,78.8,47.27,48.68,46.64,58.35,36.83,32.45,32.44,34.66,32.32,73.61,122.97,117.8,NA,50.4,44.4,36.7,31.4
"SDA","2020-08-07","Camano Island","CmnI",86400,61.53,63.52,36.76,61.59,64.46,48.07,36.76,32.8,33.04,33.46,33.75,33.93,34.17,43.9,43.19,59.39,69.69,52.54,69.44,69.97,57.18,65.49,53.6,40.9,44.6,50.66,48.85,50.46,36.39,33.85,33.23,61.48,110.85,99.4,NA,49.5,41.6,34.7,32.7
"SDA","2020-08-08","Camano Island","CmnI",86400,44.74,43.63,36.13,45.18,44.13,40.68,36.13,34.67,36.52,37.06,36.32,35.18,38.1,37.35,36.64,38.79,43.95,44.82,42.39,40.49,50.05,45.43,36.55,35.25,46.37,44.39,43.79,39.36,34.05,34.31,33.57,42.03,91.39,74.4,NA,42.1,38,35,32.6
"SDA","2020-08-09","Camano Island","CmnI",86400,46.37,47.21,34.45,46.46,48.12,35.58,34.45,33.91,34.09,34.1,34.28,35.9,35.01,37.15,37.11,40.16,47.07,47.37,53.38,48.09,49.33,46.62,50.43,41.82,45.64,49.1,37.5,35.66,31.87,30.81,31.18,45.3,94.67,79.3,NA,42.1,36.8,34.2,30.1
"SDA","2020-08-10","Camano Island","CmnI",86400,54.12,55.97,34.71,55.1,56.38,53.83,34.71,31.49,32.28,34.19,33.07,33.98,36.27,39.03,39.83,43.25,60.74,57.4,57.12,59.82,58.99,51.99,56.61,50.85,50.84,55.02,56.3,39.93,54.58,32.59,33.63,53.95,103.32,83.6,NA,49.9,39.9,33.9,31.4
"SDA","2020-08-11","Camano Island","CmnI",37477,NA,NA,NA,NA,NA,NA,NA,33.43,33.62,34.35,35.1,39.3,36.91,41.91,36.32,52.96,56.53,57.11,NA,NA,NA,NA,NA,NA,NA,NA,NA,NA,NA,NA,NA,49.38,95.12,79.1,NA,46.9,38.7,34.8,33.4
"SDA","2020-07-06","Kineth Point","KntP",34115,NA,NA,NA,NA,NA,38.58,NA,NA,NA,NA,NA,NA,NA,NA,NA,NA,NA,NA,NA,NA,NA,55.88,47.81,44,50.62,51.15,39.79,40.44,30.12,33.87,31.71,47.57,92.9,75,NA,50.1,39,34,29.1
"SDA","2020-07-07","Kineth Point","KntP",86400,109,103.35,102.45,109.38,103.05,104.38,102.45,31.55,29.64,29.81,31.07,30.66,38.81,38.17,44.9,52.03,64.11,81.5,61.77,72.15,89.71,74.2,110.18,111.35,58.86,70.34,71.46,44.14,109.15,109.08,108.87,103.03,152.4,132.1,NA,73,53.5,34.3,28.6
"SDA","2020-07-08","Kineth Point","KntP",86400,99.73,82.11,93.94,99.73,83.04,68.54,93.94,103.47,30.63,28.25,28,31.21,40.68,39.67,39.4,42.29,68.18,51.13,57.02,59.75,68.76,44.25,87.27,92.69,66.67,67.48,52.4,68.62,71.46,78.34,62.24,90.14,139.5,128.8,NA,58.9,43.8,34.4,28.2
"SDA","2020-07-09","Kineth Point","KntP",86400,80.08,66.21,74.23,80.28,58.55,72.56,74.23,28.9,28.44,34.41,39.74,44.57,46.38,50.76,48.7,48.03,54.82,56.1,58.67,66.36,54.93,43.93,63.64,39.59,40.98,43.32,50.29,75.11,73.35,83.77,30.16,70.98,120.35,115.5,NA,52.4,45,38,28.9
"SDA","2020-07-10","Kineth Point","KntP",86400,102.1,104.14,35.74,102.1,105.11,53.58,35.74,28.57,28.56,29.82,29.32,31.89,42.37,39.54,41.9,59.66,66.13,68.05,110.7,110.73,111.55,100.39,65.79,48.94,57.5,54.54,58.3,38.06,31.14,32.26,30.21,102.1,151.47,133.8,NA,64.2,42.4,33.2,28.3
"SDA","2020-07-11","Kineth Point","KntP",86080,48.63,49.48,36.68,48.73,50.38,38.15,36.68,29.47,30.21,31.41,35.55,32.41,39.55,43.06,41.63,37.24,35.83,50.23,46.43,42,53.75,57.81,53.94,40.58,38.84,41.72,37.11,40.95,33.01,34.99,29.43,47.42,96.77,84.9,NA,44.2,36.8,31.2,28.2
"SDA","2020-07-12","Kineth Point","KntP",86400,50.81,52.25,36.19,50.93,53.15,40.95,36.19,27.63,27.66,28.79,31.93,33.17,39.72,39.48,48.38,44.3,52.16,39.23,44.59,45.61,50.6,62.68,46.98,42.49,50.03,39.71,44.39,37.46,36.37,37.87,38.75,50.27,99.63,85.6,NA,41.1,37.8,35.2,28.4
"SDA","2020-07-13","Kineth Point","KntP",86400,72.8,74.82,43.93,72.81,75.78,51.49,43.93,36.59,36.11,33.48,29.8,29.92,41.11,42.61,40.66,66.9,55.83,68.27,66.95,45.84,77.47,62.91,85.77,62.99,47.33,44.95,56.01,41.98,39.34,52.46,33.22,72.78,122.14,117.2,NA,43.6,37.4,33.8,29
"SDA","2020-07-14","Kineth Point","KntP",86400,71.61,73.65,34.79,73.84,72.99,75.57,34.79,32.53,29.67,28.54,29.27,29.96,38.03,36.05,45.23,62.3,56.1,65.11,52.64,72.65,65.92,59.44,51.56,40.82,49.07,83.22,40.28,38.34,80.34,36.87,38.18,71.61,120.97,115.9,NA,42.5,36.9,32.4,28.5
"SDA","2020-07-15","Kineth Point","KntP",86400,71.84,73.87,35.53,73.45,73.82,74.06,35.53,34.6,31.78,35.23,34.12,33.7,38.15,39.8,36.4,39.78,67.17,66.69,75.92,83.22,71.2,67.94,53.01,68.04,48.1,66.54,78.66,38.42,64.81,33.35,31.13,71.83,121.2,115.5,NA,46.3,38.6,33.6,29.1
"SDA","2020-07-16","Kineth Point","KntP",86400,71.54,72.15,60.28,71.59,73.09,57.99,60.28,30.44,31.77,35.75,31.07,29.85,34.59,33.1,33.61,33.88,79.15,60.9,70,67.73,68.11,80.97,69.96,51.91,65.02,50.52,46.83,62.63,38.56,43.64,69.81,70.28,119.64,113.4,NA,42.6,38.2,34.4,28.8
"SDA","2020-07-17","Kineth Point","KntP",86400,71.06,73.07,42.55,71.06,74.04,37.07,42.55,40.84,40.07,42.14,43.8,44.56,45.99,44.6,42.45,48.64,66.69,78.47,54.22,48.19,83.59,51.49,54.14,54.52,39.9,38.01,36.44,38.08,36.5,29.63,31.39,71.03,120.4,115.6,NA,46.6,42.7,38.6,28.4
"SDA","2020-07-18","Kineth Point","KntP",86400,55.85,57.69,36.55,55.87,58.65,39.15,36.55,32.39,28.46,30.02,29.26,29.55,40.23,42.98,35.77,57.3,66.42,53.42,64.91,55.46,40.72,42.69,41.3,40.72,49.28,47.39,36.53,40.05,40.04,36.04,30.19,55.67,105.04,99,NA,46.2,36.4,31.5,28.3
"SDA","2020-07-19","Kineth Point","KntP",86400,45.02,43.16,37.01,45.21,43.9,37.21,37.01,28.41,29.31,41.58,28.34,29.39,34.55,43.1,42.4,37.22,41.07,41.64,52.4,39.28,35.97,37.52,43.33,40.81,38.23,40.92,37.45,38.33,35.35,34.66,31.8,41.71,91.07,78.8,NA,38.1,33.1,29.3,27.9
"SDA","2020-07-20","Kineth Point","KntP",86400,61.61,62.44,49.75,61.82,63.27,54.24,49.75,27.77,27.72,28.77,31.03,28.39,35.11,38.74,40.95,34.92,66.59,65.5,68.47,69.56,51.21,55.78,51.07,54.67,55.42,42.31,36.69,36.01,58.96,58.31,51.99,60.53,109.9,99.5,NA,48.8,36.8,30.4,27.5
"SDA","2020-07-21","Kineth Point","KntP",86400,68.57,70.02,53.92,69.4,70.47,67.49,53.92,33.24,30.09,29.68,30.99,29.85,37.77,45.7,47.4,53.56,48.98,78.6,59.27,76.33,64.48,70.86,52.95,46.76,62.68,49.59,51.14,70.66,67.04,57.04,62.21,68.04,117.4,113.4,NA,50.9,42.1,37,28.5
"SDA","2020-07-22","Kineth Point","KntP",86400,74.08,69.78,67.19,74.2,70.52,64.01,67.19,41.19,37.51,32.86,34.39,34.8,35.56,40.07,39.42,38.42,39.3,65.59,50.99,76.18,56.48,79.47,53.92,38.31,54.14,54.65,62.91,67.48,32.27,38.25,76.73,68.98,118.35,111.8,NA,45.5,38.3,33.9,29.2
"SDA","2020-07-23","Kineth Point","KntP",86400,69.71,71.53,50.81,74.33,61.3,78.18,50.81,29.39,30.84,29.61,31.45,33.58,37.94,37.99,41.16,47.73,55.43,62.22,64.2,64.84,51.3,58.09,66.87,43.25,64.34,44.23,41.79,82.93,59.82,33.38,60.27,69.51,118.88,115.6,NA,40.7,35.5,32.3,28.8
"SDA","2020-07-24","Kineth Point","KntP",86400,68.52,70.55,34.54,68.52,71.52,39.1,34.54,35.81,29.83,28.2,28.98,28.58,32.72,38.84,44.67,38.63,50.81,69.95,81.99,43.58,62.99,45.24,40.06,47.24,46.1,41.3,42.2,36.61,35.07,36.27,36.91,68.51,117.87,112.3,NA,41,36.8,33.3,28.2
"SDA","2020-07-25","Kineth Point","KntP",86400,48.55,46.35,40.75,48.65,47.2,37.93,40.75,37.48,33.21,30.83,29.58,31.45,35.65,45.57,43.1,39.61,47.76,44.29,48.2,46.57,42.23,54.51,43.98,46.18,41.46,43.47,40.97,36.14,33.01,38.33,46.92,44.98,94.34,79.2,NA,43.6,36.8,32.6,28.7
"SDA","2020-07-26","Kineth Point","KntP",40139,NA,NA,NA,NA,NA,NA,NA,29.94,28.44,28.65,28.42,28.64,32.22,34.18,38.25,43.95,48.3,45.03,48.8,NA,NA,NA,NA,NA,NA,NA,NA,NA,NA,NA,NA,41.3,87.34,70.9,NA,38.7,32.6,29,27.8
"SDA","2000-01-01","Ledgewood","Ldgw",105,NA,NA,NA,NA,NA,NA,NA,73.78,NA,NA,NA,NA,NA,NA,NA,NA,NA,NA,NA,NA,NA,NA,NA,NA,NA,NA,NA,NA,NA,NA,NA,73.78,93.99,81.1,NA,78,75.7,70.1,59.8
"SDA","2020-07-06","Ledgewood","Ldgw",40373,NA,NA,NA,NA,NA,63.99,NA,NA,NA,NA,NA,NA,NA,NA,NA,NA,NA,NA,NA,64.32,49.02,43.75,40.7,43.17,41.97,39.37,37.61,46.13,68.73,32.74,36.44,58.68,104.74,99.9,NA,44.3,38.9,35.3,30.4
"SDA","2020-07-07","Ledgewood","Ldgw",86400,81.4,61.04,75.64,81.43,58.29,65.63,75.64,33.59,32.24,29.67,32.24,34.1,42.07,33.62,36.04,37.47,46.8,53.98,39.73,42.37,50.44,40.27,63.73,67.17,44.44,46.97,42.29,37.31,70.39,85.11,67.44,71.62,120.99,117.9,NA,56.8,37.8,32.6,29
"SDA","2020-07-08","Ledgewood","Ldgw",86400,79.47,80.51,66.88,81.46,79.69,82.79,66.88,65.78,28.76,28.64,29.41,32.38,36.62,35.42,34.19,44.92,61.16,42.01,52.59,63.36,48.88,58.45,89.58,83.07,61.22,44.29,47.88,48.61,87.56,74.61,70.48,78.58,127.94,120.8,NA,62.5,42.4,33,28.4
"SDA","2020-07-09","Ledgewood","Ldgw",86400,77,75.58,68.66,79.96,46.32,82.57,68.66,29.95,30.15,33.94,40.78,45.17,44.6,50.13,44.71,50.86,45.52,50.64,46.59,40.04,44.22,46.96,44.28,43.37,43.1,40.34,86.93,72.97,74.6,78.19,32.91,74.04,123.41,114.9,NA,53.1,42.9,36.1,30.2
"SDA","2020-07-10","Ledgewood","Ldgw",86400,68.76,70.8,35.06,68.76,71.76,40.48,35.06,33.36,32.26,31.74,30.34,35.96,38.85,38.41,34.97,37.13,40.86,45.67,52.45,80.13,74.73,76.72,52.97,36.89,40.97,39.51,43.27,36.56,38.89,32.36,33.38,68.75,118.12,115.5,NA,44.8,36.7,32.8,29.5
"SDA","2020-07-11","Ledgewood","Ldgw",85629,49.14,50.47,35.2,49.22,51.4,37.25,35.2,34.55,31.72,30.66,36.25,33.46,39.31,36.93,33.3,41.53,35.24,34.16,37.85,44.45,61.44,48.6,50.71,39.49,36.38,35.54,37.75,37.5,36.39,35.25,30.26,47.71,97.03,80.7,NA,40.7,35.5,32.5,29
"SDA","2020-07-12","Ledgewood","Ldgw",86400,46.18,45.47,37.14,47.49,44.85,47.33,37.14,27.58,28.4,29.61,32.84,31.4,38.47,38.89,38.19,38.1,39.77,42.07,41.93,43.68,44.26,42.67,44.9,45.85,51.15,46.46,45.41,49.41,46.04,43.03,37.96,43.8,93.16,73.1,NA,42.6,39.8,36.9,29
"SDA","2020-07-13","Ledgewood","Ldgw",86400,65.27,67.27,38.56,67.79,66.26,69.91,38.56,39.89,43.19,38.49,34.9,34.29,40.09,36.62,38.43,47.11,53.51,67.97,67.46,66.36,67.33,62.87,74.27,48.73,46.98,43.85,44.65,74.67,38.5,34.96,35.03,65.23,114.6,107.1,NA,67.4,44.5,36.9,32.5
"SDA","2020-07-14","Ledgewood","Ldgw",86400,60.49,62.46,36.99,60.54,63.41,45.95,36.99,35.18,32.43,33.62,32,32.67,37.31,40.51,38.22,52.19,58.92,59.77,61.94,61.16,67.86,68.34,67.08,65.41,43.39,44.24,46.89,44.55,46.1,38.46,40.22,60.43,109.79,99,NA,64.8,41.4,36.6,31.3
"SDA","2020-07-15","Ledgewood","Ldgw",86400,48.63,48.2,39.28,49.31,48.53,46.56,39.28,42.03,40.71,38.05,39.7,32.47,37.66,40.06,39.45,38.16,48.55,45.13,46.67,51.35,54.25,51.09,40.97,49.15,45.52,44.38,43.82,49.81,42.01,39.31,38.11,46.48,95.84,80,NA,43.2,39.4,36.5,31.9
"SDA","2020-07-16","Ledgewood","Ldgw",86400,47.83,46.92,39.01,48.78,46.79,47.4,39.01,42.62,42.76,35.24,29.65,30.3,33.28,38.15,38.22,36.3,50.56,52.69,44.49,44.6,45.59,43.43,46.85,46.05,45.63,43.46,45.62,50.63,41.02,38.55,41.26,45.28,94.65,75.6,NA,42.9,39.1,36.3,30
"SDA","2020-07-17","Ledgewood","Ldgw",86400,54.65,45.23,48.59,54.73,45.67,42.86,48.59,40.05,44.55,48.56,52.11,52.82,50.85,47.8,46.98,42.95,41.98,40.92,38.94,43.71,46.12,53.08,44.01,43.57,42.5,35.48,44.17,32.69,44.77,32.91,34.1,46.81,96.17,82.7,NA,47.9,42.1,37.5,30.9
"SDA","2020-07-18","Ledgewood","Ldgw",86400,45.69,46.47,33.98,46.61,46.75,45.11,33.98,30.19,29.88,31.51,32.97,31.01,35.76,38.52,38.47,55.31,47.8,44.91,38.96,44.04,45.61,43.9,40.15,38,40.64,38.93,46.9,45.89,39.75,34.74,32.93,44.57,93.94,78,NA,39.1,35.9,33.5,29.9
"SDA","2020-07-19","Ledgewood","Ldgw",86400,45.59,46.1,34.6,46.1,46.7,42.2,34.6,30.4,30.48,30.99,29.74,30.81,41.42,36.02,38.38,36.83,38.61,36.1,44.65,37.35,41.15,54.17,38.81,50.66,49.71,40.55,44.33,38.76,41.82,31.17,30.53,44.24,93.6,81.2,NA,38.6,34.6,32,28.9
"SDA","2020-07-20","Ledgewood","Ldgw",86400,46.06,46.25,35.73,46.69,46.72,43.63,35.73,30.17,29.39,29.77,29.54,29.98,38.44,38.23,41.78,38.55,44.49,44.9,52.52,52.55,42.61,45.59,42.01,41.33,44.68,40.38,40.21,43.75,45.44,40.72,35.36,44.44,93.8,75,NA,41.6,36.6,32.9,28.3
"SDA","2020-07-21","Ledgewood","Ldgw",86400,48.53,46.66,40.53,49.17,46.76,46.19,40.53,31.42,32.46,29.98,29.88,31.02,41.03,40.23,43.84,49.36,45.19,47.76,42.85,44.99,47.36,42.58,41.01,47.78,49.14,49.47,44.4,49.03,42.4,38.6,48.11,45.21,94.57,72.3,NA,44.9,40.7,37,29.8
"SDA","2020-07-22","Ledgewood","Ldgw",86400,53.72,55.59,33.86,58.51,41.85,62.43,33.86,37.83,32.83,31.28,31,30.11,31.81,33.32,35.28,35.29,36.19,36.89,34.86,40.45,40.34,44.18,44.47,41.51,47.58,42.39,42.76,67.19,35.37,36.94,32.26,53.57,102.93,97.8,NA,37.1,33.9,31.6,29.1
"SDA","2020-07-23","Ledgewood","Ldgw",86400,46.07,44.56,37.8,46.46,45.09,41.43,37.8,30.49,30.74,30.53,31.44,31.33,39.81,44.12,41.23,38.28,43.14,46.26,39.62,41.97,39.92,47.24,44.4,42.85,51.34,45.26,38.99,42.49,42.05,31.33,40.54,43.04,92.4,78,NA,39.1,35.3,33.1,29.8
"SDA","2020-07-24","Ledgewood","Ldgw",86400,43.12,40.37,35.62,43.66,40.44,40.05,35.62,30.77,30.88,29.96,29.66,29.63,34.25,35.86,37.28,35.56,37.19,39.08,38.15,37.7,36.69,38.14,40.47,42.64,45.36,43.64,39.35,42.05,37.57,42.05,37.04,39.12,88.49,68.3,NA,38.7,35.9,33.4,29.2
"SDA","2020-07-25","Ledgewood","Ldgw",86400,44.73,43.56,36.17,45.23,43.99,41.27,36.17,41.89,33.55,32.13,31.68,31.76,34.25,37.16,38.48,40.14,42.64,44.88,47.88,41.5,36.23,41.66,44.24,43.25,41,49,43.45,41.11,37.13,36.63,33.92,41.97,91.34,78.1,NA,40.9,36.9,33.9,30.4
"SDA","2020-07-26","Ledgewood","Ldgw",37283,NA,NA,NA,NA,NA,NA,NA,32.72,29.91,30.7,30.58,30.19,36.68,35.86,38.46,36.15,37.99,46.43,NA,NA,NA,NA,NA,NA,NA,NA,NA,NA,NA,NA,NA,36.64,82.36,68.7,NA,36.7,33.7,31.3,29.1
"SDA","2020-07-06","Morgan Hill, Port Townsend","MHPT",19832,NA,NA,NA,NA,NA,42.13,NA,NA,NA,NA,NA,NA,NA,NA,NA,NA,NA,NA,NA,NA,NA,NA,NA,NA,NA,67.4,42.86,43.9,37.11,39.11,37.78,57.15,100.12,92.8,NA,42.8,38.3,36.6,35.1
"SDA","2020-07-07","Morgan Hill, Port Townsend","MHPT",86400,55.69,48.86,49.35,56.03,48.36,50.46,49.35,35.92,35.37,35.95,39.22,37.35,35.19,36.57,42.26,40.27,42.38,48.74,47.04,48.68,47.27,48.92,51.38,53.71,44.54,46.61,50.35,41.27,53.25,55.22,56.11,49.05,98.42,75.9,NA,52,43.3,36.9,31.7
"SDA","2020-07-08","Morgan Hill, Port Townsend","MHPT",86400,60.14,52.77,53.87,60.64,50.76,56.71,53.87,49.73,33.19,32.99,33.29,41.95,37.44,44.8,43,48.7,51.06,47.24,53.45,51.54,47.24,47.35,55.19,53.55,46.75,48.99,42.58,47.6,61.24,61.36,58.28,53.21,102.58,76.8,NA,55.2,45.3,38.7,32.4
"SDA","2020-07-09","Morgan Hill, Port Townsend","MHPT",86400,58.2,52.48,51.66,59.16,48.48,57.8,51.66,38.59,36.96,38.17,47.58,45.98,49.45,52.91,48.48,51.83,47.08,48.21,51.35,45.13,50.32,45.85,45.22,46.44,49.29,44.66,56.63,56.81,59.39,59.61,37.65,52.19,101.56,76.7,NA,53.3,47.9,40.9,34.8
"SDA","2020-07-10","Morgan Hill, Port Townsend","MHPT",86400,50.51,49.73,41.57,50.92,50.31,46.09,41.57,37.38,37.97,41.94,35.95,43.44,44.93,44.94,39.88,42.84,46.59,47.4,54.93,49.27,55.89,48.55,50.46,50.86,47.07,42.52,48.27,47.05,36.15,39.47,36.63,48.07,97.43,77.7,NA,49.3,42.4,36.8,32.7
"SDA","2020-07-11","Morgan Hill, Port Townsend","MHPT",86400,47.86,46.85,39.15,48.58,47.02,46.12,39.15,34.17,35.46,33.03,32.03,44.7,40.61,39.89,39.88,41.07,49.17,48.69,50.48,47.82,45.3,43.47,46.09,46,48.86,45.93,45.76,46.14,46.42,37.89,38.65,45.23,94.6,76.9,NA,45.5,40.9,36.7,32.3
"SDA","2020-07-12","Morgan Hill, Port Townsend","MHPT",86400,47.51,46.4,38.9,48.28,46.49,46.03,38.9,33.17,33.92,34.21,34.3,43.41,41.68,36.84,42,43.84,43.26,42.01,43.25,46.38,50.74,42.08,48.47,47.56,50.48,42.75,44.75,47.61,45.15,37.94,40.92,44.8,94.16,73.2,NA,43.6,39.4,36.8,31.8
"SDA","2020-07-13","Morgan Hill, Port Townsend","MHPT",86400,47.82,45.96,39.81,48.08,46.63,41.3,39.81,38.34,38.63,40.52,35.68,42.1,43.21,40.07,45.77,47.34,49.49,51.61,45.53,45.05,41.11,48.03,43.24,41.76,44.74,41.97,43.1,41.05,38.64,38.01,35.44,44.51,93.88,75.9,NA,44.2,39.7,37.3,34
"SDA","2020-07-14","Morgan Hill, Port Townsend","MHPT",86400,53.64,54.59,41.37,53.75,55.49,43.55,41.37,35.45,37.22,36.08,35.39,42.85,44.95,43.95,42.52,52.45,43.55,42.48,47.57,60.12,63.53,57.49,44.97,42.54,46.27,42.35,44.65,41.41,43.97,43.02,40.62,52.67,102.03,81.4,NA,47.2,42.3,37.8,34
"SDA","2020-07-15","Morgan Hill, Port Townsend","MHPT",86400,52.28,52.8,41.25,54.06,52.02,55.01,41.25,35.76,36.26,38.64,36.49,41.51,45.8,45.99,44.05,45.36,49.74,54.14,44.49,49,54.87,49.71,48.25,47.64,57.33,55.08,57.29,55.71,46.3,36.86,35.25,50.94,100.3,78.7,NA,51,45,39.8,34.6
"SDA","2020-07-16","Morgan Hill, Port Townsend","MHPT",86400,49.52,48.3,41.01,49.84,48.94,43.94,41.01,33.83,33.69,39.84,34.01,36.64,43.9,45.89,46.61,44.91,48.21,55.45,46.45,43.96,47,49.23,46.62,47.29,48.93,48.19,45.4,41.89,43.85,41.51,41.64,46.72,96.09,76.4,NA,46.8,43.3,39.2,33
"SDA","2020-07-17","Morgan Hill, Port Townsend","MHPT",86400,52.48,46.94,45.9,52.54,47.74,39.8,45.9,42.21,44,44.58,44.72,43.62,48.7,51.38,50.74,48.73,47.65,47.31,47.67,47.84,45.09,50.08,45.12,46.6,47.99,41.24,40.24,42.01,33.4,40.91,35.21,46.58,95.95,78.5,NA,48.9,45.4,41.1,32
"SDA","2020-07-18","Morgan Hill, Port Townsend","MHPT",86400,46.48,45.52,37.73,46.92,46.04,42.37,37.73,32.69,32.58,31.57,35.77,42.04,37.94,40.91,42.99,47.68,45.64,46.48,47.11,46.2,44.97,45.78,43.52,48.73,47.05,40.98,42.11,44.03,40.11,37.84,35.85,43.89,93.25,76.5,NA,46.2,42.6,38.3,32.3
"SDA","2020-07-19","Morgan Hill, Port Townsend","MHPT",86400,48.16,47.61,38.95,48.41,48.36,41.53,38.95,35.57,38.36,33.33,31.59,35.86,41.89,43.87,47.95,43.44,50.12,48.17,48.73,51.99,48.32,47.51,49.3,48.97,44.19,43.57,43.54,42.42,34.06,40.24,33.76,45.91,95.28,74.7,NA,46.6,42.8,38.7,32.1
"SDA","2020-07-20","Morgan Hill, Port Townsend","MHPT",86400,53.23,45.71,46.98,53.31,46.29,41.98,46.98,37.72,36.95,33.4,30.18,39.49,39.39,43.93,47.11,47.25,46.47,46.7,45,50.39,45.35,47.02,45.22,42.79,43.91,41.09,44.67,41.59,35.63,55.28,47.41,46.23,95.59,79.7,NA,45.6,42,38.5,32.2
"SDA","2020-07-21","Morgan Hill, Port Townsend","MHPT",86400,61.29,50.54,55.32,61.33,51.16,46.46,55.32,35.49,35.98,38.23,37.14,40.99,41.13,42.78,44.61,54,53.68,52.39,54,52.47,52.89,49.7,43.92,47.25,45.89,46.78,46.25,47.45,45.44,48.66,64.66,52.97,102.34,95.3,NA,47.7,44.2,41.3,35.6
"SDA","2020-07-22","Morgan Hill, Port Townsend","MHPT",86400,52.55,53.69,39.54,55.7,50.63,58.5,39.54,41.89,36.52,38.1,37.26,38.21,35.64,37.8,38.41,40.72,42.36,42.38,46.95,49.1,47.01,45.57,47.66,49.43,55.05,58.13,59.02,60.47,53.24,37.49,44.36,51.75,101.11,79.5,NA,52,45.2,39.8,34.6
"SDA","2020-07-23","Morgan Hill, Port Townsend","MHPT",86400,46.24,45.55,37.19,46.61,46.16,41.43,37.19,36.73,36.1,36.03,35.24,34.95,40.39,39.21,37.47,43.25,43.05,46.55,45.51,47.94,48.99,48.83,45.81,43.17,48,44.55,42.03,42.37,39.31,36.02,36.65,43.87,93.24,77,NA,45.4,41.6,37.3,33.7
"SDA","2020-07-24","Morgan Hill, Port Townsend","MHPT",86400,47.87,46.81,39.2,48.27,47.37,43.4,39.2,34.43,33.64,32.07,32.79,40.2,45.37,39.37,38.66,44.6,47,45.48,49.13,48.17,49.48,48.73,50.14,48.84,44.37,41.78,42.21,43.61,44.15,37.77,38.2,45.2,94.57,77.5,NA,46.3,42.4,38,32.7
"SDA","2020-07-25","Morgan Hill, Port Townsend","MHPT",86400,51.98,52.56,40.8,52.08,53.46,41.5,40.8,38.07,36.56,35.71,36.38,38.46,44.59,41.96,43.41,45.16,55.55,56.76,58.59,58.04,50.04,49.93,46.69,48.05,48.99,43.75,40.34,44.04,37.94,44.81,38.75,50.69,100.05,79.4,NA,47.7,43.4,38.4,34.9
"SDA","2020-07-26","Morgan Hill, Port Townsend","MHPT",31003,NA,NA,NA,NA,NA,NA,NA,34.91,36.57,41.4,42.7,42.04,42.78,42.11,42.52,46.94,NA,NA,NA,NA,NA,NA,NA,NA,NA,NA,NA,NA,NA,NA,NA,42.09,87.01,72.6,NA,43.3,41.1,39.3,34.4
"SDA","2020-07-06","Newberry House","NwbH",184,NA,NA,NA,NA,NA,NA,NA,NA,NA,NA,NA,NA,NA,NA,NA,NA,NA,NA,72.13,NA,NA,NA,NA,NA,NA,NA,NA,NA,NA,NA,NA,72.13,94.78,83.5,NA,76.3,72.3,65.9,56.6
"SDA","2020-07-11","Newberry House","NwbH",30590,NA,NA,NA,NA,NA,48.11,NA,NA,NA,NA,NA,NA,NA,NA,NA,NA,NA,NA,NA,NA,NA,NA,63,50.16,46.16,46.82,47.94,49.47,46.38,41.89,36.78,52.17,97.02,88.5,NA,50.3,45,41.1,33.4
"SDA","2020-07-12","Newberry House","NwbH",86400,54.5,55.06,43.37,55,55.67,51.05,43.37,33.82,35.44,36.76,37.52,38.72,40.45,45.28,47.78,47.95,54.82,52.43,53.42,52.13,63.92,54.34,51.67,53.42,53.42,50.82,51.49,52.01,49.16,46.08,49.38,53.19,102.56,95,NA,52.5,48.8,45.2,34.3
"SDA","2020-07-13","Newberry House","NwbH",86400,68.28,63.5,61.52,68.31,64.39,53.15,61.52,46.22,46.39,38.33,37.14,38.77,44.1,70.99,54.33,64.29,58.95,70.84,67.51,66.83,57.19,64.93,61.11,60.03,56.45,54.15,56.25,49.22,50.58,48.56,42.37,62.86,112.22,100.7,NA,60.3,52.9,44,36.1
"SDA","2020-07-14","Newberry House","NwbH",86400,60.16,61.71,44.72,60.51,62.48,55.07,44.72,45.11,36.83,36.18,37.62,38.84,48.88,49.57,55.35,64.64,68.01,60.01,63.25,62.54,61.12,61.49,59.09,63.91,55.36,56.58,51.04,49.52,58.74,45.06,40.73,59.72,109.08,92.3,NA,60.3,52.8,44.4,35.5
"SDA","2020-07-15","Newberry House","NwbH",86400,67.18,69.17,42.18,67.22,70.11,53.09,42.18,37.64,42.62,40.52,40.15,39.21,44.17,46.96,52.3,65.45,79.56,62.38,69.01,65.21,68.74,64.63,61.39,61.51,54.13,64.36,55.54,50.33,51.64,40.21,39.25,67.13,116.5,112.1,NA,61.2,53.3,44.6,35.5
"SDA","2020-07-16","Newberry House","NwbH",86400,68.57,69.87,54.82,68.61,70.81,53.58,54.82,37.71,43.9,48.64,42.01,41.35,43.86,47.19,49.25,64.04,80.69,67.65,65.09,65.3,56.62,64.03,60.45,67.44,64.37,52.46,54.93,54.78,48.56,47.53,63.92,67.91,117.27,112.4,NA,60.5,53.6,46.9,34.2
"SDA","2020-07-17","Newberry House","NwbH",83099,56.52,54.1,48.85,56.58,54.98,44.03,48.85,51.37,48.56,49.82,47.87,51.26,48.35,49.94,53.79,62.03,57.62,55.95,51.87,49.09,55.92,50.01,47.02,47.97,48.49,47.94,44.5,44.92,42.21,41.93,39.02,52.7,101.9,78.2,NA,53.5,48.6,44.6,38.9
"SDA","2020-07-18","Newberry House","NwbH",86400,48.02,47.59,38.65,48.53,48.09,44.65,38.65,37.14,36.53,36.99,37.77,38.56,39.18,41.27,42.92,48.54,49.14,47.12,47.79,46.28,47.99,47.75,46.19,52.63,46.28,47.54,45.92,42.77,44.69,38.99,39.34,45.87,95.23,75,NA,46.5,43.6,40.4,34.4
"SDA","2020-07-19","Newberry House","NwbH",86400,49.97,48.06,42,50.49,48.34,46.69,42,37.16,36.17,37.48,35.58,37.89,40.79,49.29,43.23,45.51,46.82,46.25,45.99,47.31,53.1,51.65,46.3,49.64,48.59,43.24,46.43,48.94,42.48,38.51,41.44,46.62,95.98,72.5,NA,48.2,44.3,40.4,33.8
"SDA","2020-07-20","Newberry House","NwbH",86400,70.14,72.08,47.9,70.15,73.05,47.67,47.9,36.14,37.67,37.74,54.09,40.3,41.73,46.33,47.49,45.1,83.74,50.43,56.27,65.99,51.97,52.21,49.87,51.35,50.86,52.01,44.95,44.72,50.6,52.46,45.74,70.05,119.42,115.8,NA,48.9,45.2,41.8,35.5
"SDA","2020-07-21","Newberry House","NwbH",86400,72.05,74.03,48.1,72.08,74.98,56.04,48.1,37.14,51.69,36.6,36.66,37.35,40.46,43.77,47.54,52.39,44.92,56.59,47.45,85.75,52.73,53.23,47.84,49.04,54.24,54.86,49.11,58.85,55.53,49,54.76,71.99,121.36,116.7,NA,49.9,46.2,42.6,35.7
"SDA","2020-07-22","Newberry House","NwbH",86400,65.39,67.28,44.9,70.22,51.74,74.17,44.9,44.28,39.12,37.21,39.31,39.77,41.78,45.62,47.7,45.89,44.71,51.34,48.54,56.55,51.2,54.6,52.89,47.25,52.75,51.7,54.87,78.92,42.26,50.47,47.52,65.25,114.62,110.2,NA,48.4,45.4,42.3,37.1
"SDA","2020-07-23","Newberry House","NwbH",86400,54.5,54.89,43.77,57.28,51.8,59.7,43.77,37.06,36.76,36.2,37.35,37.55,41.52,42.64,46.11,48.7,52.28,54.95,50.42,55.42,48.09,53.71,52.27,49.03,51.84,47.85,46.48,64.31,47.79,38.49,51.75,53.04,102.41,95.7,NA,48.7,45.7,42.1,34.5
"SDA","2020-07-24","Newberry House","NwbH",86400,51.15,51.54,40.4,51.54,52.22,46.55,40.4,37.01,36.73,36.05,36.1,37.22,44.48,43.28,49.25,46.11,49.33,55.61,57.33,50.43,52.54,48.6,47.92,51.25,53.53,50.14,47.5,47.05,44.58,42.02,40.18,49.69,99.06,79,NA,49.7,47.2,43.9,34.7
"SDA","2020-07-25","Newberry House","NwbH",86400,48.97,48.56,39.58,49.65,48.89,46.91,39.58,38.93,37.33,36.05,36.5,36.42,40.38,43.49,43.68,44.48,48.7,48.46,51.67,50.44,46.63,53.22,46.7,48.22,46.83,47.73,48.53,46.43,45.05,40.86,40.06,46.84,96.2,75.9,NA,47.9,45.2,42,35
"SDA","2020-07-26","Newberry House","NwbH",41287,NA,NA,NA,NA,NA,NA,NA,51.76,36.97,37.31,37.08,38.04,41.84,45.01,44.1,46.22,45.82,50.14,101.47,NA,NA,NA,NA,NA,NA,NA,NA,NA,NA,NA,NA,87.59,133.74,130,NA,47,44.3,40.2,34.7
"SDA","2020-07-06","Race Road","RcRd",37049,NA,NA,NA,NA,NA,39.98,NA,NA,NA,NA,NA,NA,NA,NA,NA,NA,NA,NA,NA,NA,62.85,47.62,43.86,40.6,45.4,37.65,41.08,41.11,36.13,34.5,33.7,48.52,94.2,83.2,NA,42.9,38.3,34.9,32
"SDA","2020-07-07","Race Road","RcRd",86400,107.66,100.84,101.32,107.87,100.97,100.27,101.32,32.74,32.11,32.45,31.98,37.68,40.51,39.37,42.87,47.62,56.29,67.96,49.64,53.53,54.93,52.49,111.69,93.89,39.25,61.82,45.98,39.16,105.04,109.57,104.98,101.02,150.39,132.5,NA,78.2,43.8,35.3,31.6
"SDA","2020-07-08","Race Road","RcRd",86400,97.79,66.94,92.05,97.79,67.84,56.13,92.05,101.59,34.15,33.53,34.36,38.17,43.83,36.36,39.9,36.09,70.37,57.14,48.95,66.95,56.25,44.42,51.7,77.46,50.7,41.72,45.28,46.65,60.61,60.38,58.9,87.81,137.17,129.2,NA,56.1,43.5,34.7,31.5
"SDA","2020-07-09","Race Road","RcRd",86400,67.96,68.68,56.43,68.29,69.42,62.65,56.43,32.56,36.08,34.89,41.41,48.53,51.23,56.29,53.43,51.61,51.86,74.8,78.57,51.08,46.84,44.74,63.17,39.46,39.44,42.17,59.46,57.3,66.13,65.18,35.37,66.79,116.15,111.1,NA,56.5,48.2,39,32.8
"SDA","2020-07-10","Race Road","RcRd",86400,102.33,104.37,35.95,102.33,105.34,38.97,35.95,33.65,33.41,33.64,34.69,37.27,39.02,38.5,38.94,48.99,53.3,55.11,112.62,105.87,111.04,107.9,51.93,42.45,41.57,43.4,39.68,40.3,35.6,34.91,33.32,102.33,151.69,135.5,NA,60.1,39.9,34.3,31.7
"SDA","2020-07-11","Race Road","RcRd",85787,47.52,46.85,38.45,47.77,47.59,40.96,38.45,34.54,33.5,34.75,35.97,37.78,39.92,40.93,47.8,41.18,40.72,43.69,46.17,50.81,42.95,54.8,48.19,42.25,38.75,38.56,39.83,42.67,39.67,41.92,38.54,44.91,94.25,79.1,NA,43.7,39,35.7,33
"SDA","2020-07-12","Race Road","RcRd",86400,46.95,46.68,37.37,47.21,47.44,40.53,37.37,34.22,33.35,35.14,36.27,34.77,39.18,38.43,38.14,39.44,48.41,40.09,54,44.89,48.04,48.86,47.18,40.25,48.87,39.03,41.89,39.94,39.33,39.96,39.36,44.94,94.3,75.5,NA,42.8,39.2,36.7,33.6
"SDA","2020-07-13","Race Road","RcRd",86400,50.15,50.41,39.68,50.31,51.27,41.45,39.68,36.81,35.41,34.57,34.55,35.19,40.53,39.6,36.42,48,48.56,51.58,49.3,47.11,57.18,52.86,55.14,48.84,47.5,41.47,41.98,41.92,40.24,45.83,38.85,48.59,97.95,79.4,NA,46.2,42.1,36,33.5
"SDA","2020-07-14","Race Road","RcRd",86400,70.07,72.08,41.72,70.08,73.05,49.68,41.72,42.05,35.46,35.14,34.7,37.03,41.81,48.75,38.94,61.55,51.92,47.49,53.58,50.92,52.31,83.43,70.3,69.53,46.92,47.48,43.13,41.43,53.88,37.87,38.17,70.04,119.41,115.8,NA,53.1,43.1,37,33.4
"SDA","2020-07-15","Race Road","RcRd",86400,66.45,68.48,36.61,66.5,69.43,51.9,36.61,36.03,34.9,35.13,38.09,35.42,38.38,38.37,41.91,42.23,63.75,67.24,79.64,58.97,58.8,65.28,49.96,54.36,44.14,53.11,53.26,42.72,53.7,36.56,34.24,66.44,115.8,112.2,NA,45.8,41.1,36.1,33.1
"SDA","2020-07-16","Race Road","RcRd",86400,55.21,56.21,42.75,55.55,56.96,50.03,42.75,34.44,34.04,35.13,33.84,34.18,39.81,37.29,41.01,42.66,62.44,52.32,52.37,50.56,64.6,52.26,53.6,52.9,52.73,47.94,47.3,53.78,39.98,41.72,51.01,54.28,103.65,96.8,NA,46.3,41.6,37.5,33.1
"SDA","2020-07-17","Race Road","RcRd",86400,51.36,46.75,44.56,51.44,47.53,39.97,44.56,43.84,43.4,44.65,46.19,47.99,45.54,44.73,43.26,44.55,48.62,49.46,45.89,47.24,52.62,45.84,38.73,46.94,49.32,41.24,35.15,39.54,42.44,35.7,39.11,46.05,95.41,79,NA,46.8,43.7,39.8,32.5
"SDA","2020-07-18","Race Road","RcRd",86400,51.76,52.68,39.58,51.86,53.58,41.26,39.58,42.76,41.02,34.23,33.44,34.1,42.13,43.25,34.98,63.19,55.06,42.13,46.72,45.88,44.05,50.42,44.33,42.52,44.89,41.86,39.54,41.23,42.5,34.31,34.18,50.76,100.13,94.8,NA,44.7,41.2,35,32.6
"SDA","2020-07-19","Race Road","RcRd",86400,44.51,44.23,34.93,44.84,44.92,39.21,34.93,33.87,33.12,36.7,33.05,33.96,36.62,36.18,37.43,40.56,39.51,43.22,51.4,43.44,44.33,44.22,46.23,44.74,42.82,43.19,39.92,38.17,39.35,32.92,35.62,42.48,91.85,77.8,NA,43.6,40.4,34.7,31.9
"SDA","2020-07-20","Race Road","RcRd",86400,52.3,51.33,43.55,52.65,51.95,47.21,43.55,32.38,32.21,34.01,34.56,33.71,35.77,37.61,40.93,36.65,58.24,52.16,51.86,55.73,47.98,50.88,46.04,49.92,51.83,44.8,43.63,43.31,50.55,51.97,44.16,49.71,99.07,87,NA,44.3,40.4,34.7,31.7
"SDA","2020-07-21","Race Road","RcRd",86400,70.35,56.28,64.5,70.44,54.9,59.49,64.5,34.1,34.19,33.95,34.79,34.7,40.84,39.83,38.36,54.24,42.25,59.28,50.44,57.17,52.75,53.47,45.58,44.98,61.58,43.76,45.15,63.64,55.1,51.71,74.01,61.21,110.58,104.7,NA,46.3,43.1,38,33.2
"SDA","2020-07-22","Race Road","RcRd",86400,61.53,63.48,39.21,65.93,56.8,69.65,39.21,41.78,38.34,34.91,36.26,35.07,37.57,37.24,38.21,37.04,39.06,51.47,44.69,55.93,48.45,54.07,49.35,43.04,42.46,66.74,50.89,74.4,35.57,36.59,44.32,61.45,110.81,105.8,NA,42,38,35.3,32.8
"SDA","2020-07-23","Race Road","RcRd",86400,54.04,54.03,44.06,54.7,54.45,51.84,44.06,34.98,34.33,34.84,36.2,37.27,38.68,39.91,40.34,38.63,49.99,54.4,52.92,52.23,62.62,56.36,50.12,43.77,52.27,44.55,44.47,55.81,46.91,36.37,52.77,52.25,101.61,94.9,NA,43.4,38,35.8,33.6
"SDA","2020-07-24","Race Road","RcRd",86400,47.7,47.66,37.75,47.98,48.41,41.64,37.75,36.92,35.27,34.51,35,34.37,37.87,42.39,43.37,39.34,45.06,52.07,53.61,46.03,50.24,51.21,43.8,47.33,41.13,39.82,43.19,41.78,38.94,37.9,38.47,45.88,95.24,82.7,NA,43.3,38.8,36.2,34.2
"SDA","2020-07-25","Race Road","RcRd",86400,49.2,49.55,38.56,49.38,50.4,41.08,38.56,37.8,35.15,35.71,36.43,35.84,37.24,38.48,37.87,42.74,53.96,54.31,45.04,56.75,44.7,48.37,47.52,44.91,48.5,39.58,39.45,43.29,39.21,40.86,42.73,47.71,97.08,80.3,NA,45.4,41.3,36.2,33.2
"SDA","2020-07-26","Race Road","RcRd",38984,NA,NA,NA,NA,NA,NA,NA,34.26,36.12,34.05,33.47,33.76,36.11,39.3,37.14,41.8,46.91,48.39,NA,NA,NA,NA,NA,NA,NA,NA,NA,NA,NA,NA,NA,41.5,87.41,72.4,NA,41.3,38,33.9,33.2
